Setting,Seed,Modes,High-Quality Samples,KL,Reverse KL,JSD,TVD
alpha-1.0_dlayers-1_glayers-1_dwidth-200_gwidth-400_dlr-0.0001_glr-0.0001_,1,8,0.49004,0.03567925413661084,0.03528072220182843,0.008834310917529347,0.12488003838771594
alpha-1.0_dlayers-1_glayers-1_dwidth-200_gwidth-400_dlr-0.0001_glr-0.0001_,3,8,0.6598,0.0004346262980777101,0.00043235385518622274,0.00010836416132473537,0.011956174024312226
alpha-1.0_dlayers-1_glayers-1_dwidth-200_gwidth-400_dlr-0.0001_glr-0.0001_,2,1,0.02372,5.689193940838384,1.384092584546615,0.3793672251789193,0.7497600767754318
alpha-1.0_dlayers-1_glayers-1_dwidth-200_gwidth-400_dlr-0.0001_glr-0.0001_,4,1,0.0056,4.281792373333489,1.264852532921618,0.3390642902095502,0.7193698016634676
alpha-1.0_dlayers-1_glayers-2_dwidth-200_gwidth-400_dlr-0.0001_glr-0.0001_,2,0,0.0,6.781675623100128,2.0763270312195545,0.49567934465894903,0.8747200895713372
alpha-1.0_dlayers-1_glayers-2_dwidth-200_gwidth-400_dlr-0.0001_glr-0.0001_,4,0,0.0,6.781675623100128,2.0763270312195545,0.49567934465894903,0.8747200895713372
alpha-1.0_dlayers-1_glayers-2_dwidth-200_gwidth-400_dlr-0.0001_glr-0.0001_,3,0,0.0,6.781675623100128,2.0763270312195545,0.49567934465894903,0.8747200895713372
alpha-1.0_dlayers-1_glayers-2_dwidth-200_gwidth-400_dlr-0.0001_glr-0.0001_,1,0,0.0,6.781675623100128,2.0763270312195545,0.49567934465894903,0.8747200895713372
alpha-1.0_dlayers-1_glayers-1_dwidth-200_gwidth-400_dlr-0.0001_glr-0.0001_,5,8,0.29264,0.01923733427135952,0.01976343993373568,0.004858262770588404,0.0815339091490723
alpha-1.0_dlayers-1_glayers-2_dwidth-200_gwidth-400_dlr-0.0001_glr-0.0001_,5,0,0.0,6.781675623100128,2.0763270312195545,0.49567934465894903,0.8747200895713372
alpha-1.0_dlayers-1_glayers-3_dwidth-200_gwidth-400_dlr-0.0001_glr-0.0001_,2,0,0.0,6.781675623100128,2.0763270312195545,0.49567934465894903,0.8747200895713372
alpha-1.0_dlayers-1_glayers-3_dwidth-200_gwidth-400_dlr-0.0001_glr-0.0001_,3,0,0.0,6.781675623100128,2.0763270312195545,0.49567934465894903,0.8747200895713372
alpha-1.0_dlayers-1_glayers-3_dwidth-200_gwidth-400_dlr-0.0001_glr-0.0001_,1,1,0.0076,6.781675623100128,2.0763270312195545,0.49567934465894903,0.8747200895713372
alpha-1.0_dlayers-1_glayers-3_dwidth-200_gwidth-400_dlr-0.0001_glr-0.0001_,5,0,8e-05,5.697453556395448,1.4163921113566011,0.38264992764025707,0.7497600767754319
alpha-1.0_dlayers-1_glayers-3_dwidth-200_gwidth-400_dlr-0.0001_glr-0.0001_,4,0,0.0,6.781675623100128,2.0763270312195545,0.49567934465894903,0.8747200895713372
alpha-1.0_dlayers-1_glayers-4_dwidth-200_gwidth-400_dlr-0.0001_glr-0.0001_,3,0,0.0,6.781675623100128,2.0763270312195545,0.49567934465894903,0.8747200895713372
alpha-1.0_dlayers-1_glayers-4_dwidth-200_gwidth-400_dlr-0.0001_glr-0.0001_,1,0,0.0,6.781675623100128,2.0763270312195545,0.49567934465894903,0.8747200895713372
alpha-1.0_dlayers-1_glayers-4_dwidth-200_gwidth-400_dlr-0.0001_glr-0.0001_,2,0,0.0,6.781675623100128,2.0763270312195545,0.49567934465894903,0.8747200895713372
alpha-1.0_dlayers-2_glayers-4_dwidth-200_gwidth-400_dlr-0.0001_glr-0.0001_,3,8,0.98064,0.005272006362348561,0.0052440236902067784,0.001313817691207847,0.049744081893794
alpha-1.0_dlayers-2_glayers-4_dwidth-200_gwidth-400_dlr-0.0001_glr-0.0001_,5,1,0.99556,6.781675623100128,2.0763270312195545,0.49567934465894903,0.8747200895713372
alpha-1.0_dlayers-3_glayers-1_dwidth-200_gwidth-400_dlr-0.0001_glr-0.0001_,2,8,0.74988,0.15932284020657916,0.11672776653892536,0.03276689325712656,0.1786228406909789
alpha-1.0_dlayers-3_glayers-1_dwidth-200_gwidth-400_dlr-0.0001_glr-0.0001_,1,8,0.70796,0.16708410580239635,0.12024276256436867,0.03393963952087515,0.18102207293666028
alpha-1.0_dlayers-2_glayers-4_dwidth-200_gwidth-400_dlr-0.0001_glr-0.0001_,4,8,0.98608,0.007604518261048708,0.0075344803791953935,0.0018900497074589555,0.04954414587332053
alpha-1.0_dlayers-3_glayers-2_dwidth-200_gwidth-400_dlr-0.0001_glr-0.0001_,2,8,0.98,0.0035285571969733438,0.003516498449197339,0.0008799895566517701,0.033189379398592435
alpha-1.0_dlayers-3_glayers-2_dwidth-200_gwidth-400_dlr-0.0001_glr-0.0001_,4,8,0.97176,0.002362351134457201,0.0023342308768641226,0.0005868658613727696,0.03083013435700576
alpha-1.0_dlayers-3_glayers-2_dwidth-200_gwidth-400_dlr-0.0001_glr-0.0001_,5,8,0.98552,0.000857982582756987,0.0008548558194374136,0.00021407492950690143,0.017194497760716562
alpha-1.0_dlayers-3_glayers-2_dwidth-200_gwidth-400_dlr-0.0001_glr-0.0001_,3,8,0.97376,0.002069400142560643,0.002048051564037593,0.0005144958461862342,0.025511836212412042
alpha-1.0_dlayers-3_glayers-3_dwidth-200_gwidth-400_dlr-0.0001_glr-0.0001_,2,8,0.96596,0.0012165274350557182,0.001217044705445534,0.0003041388124552936,0.02107325655790148
alpha-1.0_dlayers-3_glayers-3_dwidth-200_gwidth-400_dlr-0.0001_glr-0.0001_,3,8,0.94684,0.007267234750915005,0.00755590578624395,0.0018491700943160513,0.04578534868841969
alpha-1.0_dlayers-4_glayers-1_dwidth-200_gwidth-400_dlr-0.0001_glr-0.0001_,5,8,0.57772,0.07849747297132,0.06974557018812158,0.018090469774746883,0.1398352527191299
alpha-1.0_dlayers-4_glayers-2_dwidth-200_gwidth-400_dlr-0.0001_glr-0.0001_,1,8,0.8528,0.004306122150987154,0.004348986444005203,0.0010810363939955333,0.03734804862444017
alpha-1.0_dlayers-3_glayers-3_dwidth-200_gwidth-400_dlr-0.0001_glr-0.0001_,1,8,0.88396,0.2087772403486454,0.13985155641362843,0.0403984812195233,0.1948976327575176
alpha-1.0_dlayers-2_glayers-3_dwidth-200_gwidth-400_dlr-0.0001_glr-0.0001_,4,2,0.83028,5.68917859657941,1.3840312444011196,0.3793610883909291,0.7497600767754318
alpha-1.0_dlayers-2_glayers-3_dwidth-200_gwidth-400_dlr-0.0001_glr-0.0001_,3,0,0.0,6.781675623100128,2.0763270312195545,0.49567934465894903,0.8747200895713372
alpha-1.0_dlayers-3_glayers-4_dwidth-200_gwidth-400_dlr-0.0001_glr-0.0001_,4,1,0.99996,6.781675623100128,2.0763270312195545,0.49567934465894903,0.8747200895713372
alpha-1.0_dlayers-3_glayers-4_dwidth-200_gwidth-400_dlr-0.0001_glr-0.0001_,3,8,0.98052,0.005546752956062764,0.005410734961445337,0.0013680036601100894,0.041186820217530395
alpha-1.0_dlayers-1_glayers-4_dwidth-200_gwidth-400_dlr-0.0001_glr-0.0001_,5,0,0.0,6.781675623100128,2.0763270312195545,0.49567934465894903,0.8747200895713372
alpha-1.0_dlayers-2_glayers-1_dwidth-200_gwidth-400_dlr-0.0001_glr-0.0001_,1,8,0.77516,0.0012608164206697704,0.0012529514753425648,0.0003141505768561601,0.019113883557261666
alpha-1.0_dlayers-1_glayers-4_dwidth-200_gwidth-400_dlr-0.0001_glr-0.0001_,4,0,0.0,6.781675623100128,2.0763270312195545,0.49567934465894903,0.8747200895713372
alpha-1.0_dlayers-2_glayers-1_dwidth-200_gwidth-400_dlr-0.0001_glr-0.0001_,3,8,0.78912,0.003063396755958167,0.003050434373672757,0.0007638908471028685,0.03394913627639156
alpha-1.0_dlayers-2_glayers-1_dwidth-200_gwidth-400_dlr-0.0001_glr-0.0001_,2,8,0.87272,0.0008394858284576888,0.0008451489125009155,0.00021054323349628144,0.01635476647472807
alpha-1.0_dlayers-2_glayers-1_dwidth-200_gwidth-400_dlr-0.0001_glr-0.0001_,4,8,0.86332,0.0038767062830161528,0.0038527448042308225,0.0009655570439394694,0.03534868841970571
alpha-1.0_dlayers-2_glayers-2_dwidth-200_gwidth-400_dlr-0.0001_glr-0.0001_,3,8,0.8998,0.0006031840347344173,0.0006045485325338277,0.0001509524246174626,0.014915227127319262
alpha-1.0_dlayers-2_glayers-2_dwidth-200_gwidth-400_dlr-0.0001_glr-0.0001_,2,8,0.96588,0.0024356231014148536,0.0024116741124123684,0.0006057239554358264,0.031589891234804865
alpha-1.0_dlayers-2_glayers-2_dwidth-200_gwidth-400_dlr-0.0001_glr-0.0001_,1,8,0.97692,0.0019350246556130131,0.0019442300850364145,0.00048475031010234543,0.025911708253358923
alpha-1.0_dlayers-2_glayers-1_dwidth-200_gwidth-400_dlr-0.0001_glr-0.0001_,5,8,0.76088,0.003191235457642931,0.0031615241600322676,0.0007936773327752271,0.03346928982725528
alpha-1.0_dlayers-2_glayers-2_dwidth-200_gwidth-400_dlr-0.0001_glr-0.0001_,4,8,0.95964,0.0044368637090471535,0.004398889333755407,0.0011036235440906356,0.03834772872680742
alpha-1.0_dlayers-2_glayers-2_dwidth-200_gwidth-400_dlr-0.0001_glr-0.0001_,5,8,0.97108,0.0007895148513258014,0.0007826486352262643,0.00019647885985376614,0.014355406269993598
alpha-1.0_dlayers-2_glayers-3_dwidth-200_gwidth-400_dlr-0.0001_glr-0.0001_,1,1,0.99252,6.781675623100128,2.0763270312195545,0.49567934465894903,0.8747200895713372
alpha-1.0_dlayers-2_glayers-3_dwidth-200_gwidth-400_dlr-0.0001_glr-0.0001_,2,1,1.0,6.781675623100128,2.0763270312195545,0.49567934465894903,0.8747200895713372
alpha-1.0_dlayers-2_glayers-3_dwidth-200_gwidth-400_dlr-0.0001_glr-0.0001_,5,6,0.9094,1.7977144158783998,0.28899257096870845,0.09570316984867897,0.2499200255918106
alpha-1.0_dlayers-2_glayers-4_dwidth-200_gwidth-400_dlr-0.0001_glr-0.0001_,1,8,0.97156,0.004396219741446293,0.00443809685281998,0.001103082934461525,0.03602847088931541
alpha-1.0_dlayers-3_glayers-1_dwidth-200_gwidth-400_dlr-0.0001_glr-0.0001_,4,8,0.68364,0.08743402907725976,0.06799691747500985,0.018608325322971568,0.13255758157389635
alpha-1.0_dlayers-3_glayers-1_dwidth-200_gwidth-400_dlr-0.0001_glr-0.0001_,3,8,0.77304,0.10837445282865701,0.0690371300681489,0.020335065206739042,0.1040467050543826
alpha-1.0_dlayers-2_glayers-4_dwidth-200_gwidth-400_dlr-0.0001_glr-0.0001_,2,8,0.97904,0.009090213345689546,0.009264363423406152,0.0022898059025172495,0.05290307101727447
alpha-1.0_dlayers-3_glayers-2_dwidth-200_gwidth-400_dlr-0.0001_glr-0.0001_,1,8,0.98744,0.0020706370755263423,0.002073255846894209,0.0005178411070068905,0.027991042866282796
alpha-1.0_dlayers-3_glayers-3_dwidth-200_gwidth-400_dlr-0.0001_glr-0.0001_,4,2,0.995,5.689335003685343,1.3846562616414348,0.3794236353068502,0.7497600767754318
alpha-1.0_dlayers-3_glayers-3_dwidth-200_gwidth-400_dlr-0.0001_glr-0.0001_,5,6,0.95724,1.8030440043452667,0.2953403861642883,0.09714963547509153,0.2540387076135636
alpha-1.0_dlayers-3_glayers-4_dwidth-200_gwidth-400_dlr-0.0001_glr-0.0001_,1,8,0.9804,0.003341547302129131,0.0033059593547155857,0.0008304550188091304,0.034189059500959705
alpha-1.0_dlayers-3_glayers-1_dwidth-200_gwidth-400_dlr-0.0001_glr-0.0001_,5,8,0.74824,0.08468515091932603,0.060219447762114804,0.017119018835076764,0.1056062060140755
alpha-1.0_dlayers-3_glayers-4_dwidth-200_gwidth-400_dlr-0.0001_glr-0.0001_,2,8,0.97372,0.001549898974808837,0.0015565890467928731,0.0003882273158100564,0.02319257837492003
alpha-1.0_dlayers-4_glayers-1_dwidth-200_gwidth-400_dlr-0.0001_glr-0.0001_,2,8,0.68316,0.013477766602992526,0.014025541103346625,0.0034276859374149683,0.06725847728726808
alpha-1.0_dlayers-4_glayers-1_dwidth-200_gwidth-400_dlr-0.0001_glr-0.0001_,1,8,0.69904,0.3315589036625781,0.26533214738366984,0.07122533926124502,0.34353007037747924
alpha-1.0_dlayers-3_glayers-4_dwidth-200_gwidth-400_dlr-0.0001_glr-0.0001_,5,8,0.8642,0.008019322520021629,0.007874657278945025,0.0019841891540940113,0.0551823416506718
alpha-1.0_dlayers-4_glayers-1_dwidth-200_gwidth-400_dlr-0.0001_glr-0.0001_,4,8,0.67384,0.0740052669888433,0.052139325505195955,0.014933012383700577,0.08901151631477926
alpha-1.0_dlayers-4_glayers-2_dwidth-200_gwidth-400_dlr-0.0001_glr-0.0001_,2,8,0.97196,0.003781785967912758,0.0035981212093764703,0.0009210927520235004,0.031829814459373
alpha-1.0_dlayers-4_glayers-2_dwidth-200_gwidth-400_dlr-0.0001_glr-0.0001_,3,8,0.94908,0.004530400221007281,0.004486939840542319,0.0011261592854889637,0.03862763915547023
alpha-1.0_dlayers-4_glayers-2_dwidth-200_gwidth-400_dlr-0.0001_glr-0.0001_,4,8,0.94632,0.002137919664360652,0.002120535323679198,0.0005321009997163468,0.024952015355086392
alpha-1.0_dlayers-4_glayers-1_dwidth-200_gwidth-400_dlr-0.0001_glr-0.0001_,3,8,0.73212,0.1112623983909031,0.08495611602756009,0.023374224801556945,0.1517514395393474
alpha-1.0_dlayers-4_glayers-3_dwidth-200_gwidth-400_dlr-0.0001_glr-0.0001_,3,8,0.91664,0.010682564557132103,0.009763262112452898,0.002543202765225475,0.04586532309660908
alpha-1.0_dlayers-4_glayers-2_dwidth-200_gwidth-400_dlr-0.0001_glr-0.0001_,5,8,0.93976,0.0025626918379027166,0.0025384682162333215,0.0006374345116353132,0.03266954574536148
alpha-1.0_dlayers-4_glayers-3_dwidth-200_gwidth-400_dlr-0.0001_glr-0.0001_,1,8,0.97924,0.011574041802283306,0.011859192099400655,0.0029230847031726463,0.06477927063339732
alpha-1.0_dlayers-4_glayers-3_dwidth-200_gwidth-400_dlr-0.0001_glr-0.0001_,2,8,0.97092,0.017418210921870753,0.018222852619721515,0.004431931513805717,0.0640595009596929
alpha-1.0_dlayers-4_glayers-3_dwidth-200_gwidth-400_dlr-0.0001_glr-0.0001_,5,8,0.97688,0.005173717226841613,0.005059690022514829,0.0012776220263239846,0.03854766474728088
alpha-1.0_dlayers-4_glayers-4_dwidth-200_gwidth-400_dlr-0.0001_glr-0.0001_,1,0,0.0,6.781675623100128,2.0763270312195545,0.49567934465894903,0.8747200895713372
alpha-1.0_dlayers-4_glayers-3_dwidth-200_gwidth-400_dlr-0.0001_glr-0.0001_,4,8,0.96468,0.0044812442112325025,0.004424856243313232,0.0011124988207616314,0.04058701215611004
alpha-1.0_dlayers-4_glayers-4_dwidth-200_gwidth-400_dlr-0.0001_glr-0.0001_,3,8,0.97376,0.007475516254245,0.007187265138273943,0.001828683417251675,0.043985924504158676
alpha-1.0_dlayers-4_glayers-4_dwidth-200_gwidth-400_dlr-0.0001_glr-0.0001_,2,6,0.94284,1.8290708664164324,0.33245721168312015,0.10477241699954523,0.2531190019193858
alpha-1.0_dlayers-4_glayers-4_dwidth-200_gwidth-400_dlr-0.0001_glr-0.0001_,5,0,0.0,6.781675623100128,2.0763270312195545,0.49567934465894903,0.8747200895713372
alpha-1.0_dlayers-4_glayers-4_dwidth-200_gwidth-400_dlr-0.0001_glr-0.0001_,4,4,0.98476,3.683599958704133,0.7040611566001838,0.2171693947828282,0.49984005118362124
alpha-1.0_dlayers-1_glayers-1_dwidth-200_gwidth-400_dlr-0.0001_glr-0.0001_,10,6,0.039,0.03557071498185729,0.0308758667645576,0.008188814818269604,0.0927703134996801
alpha-1.0_dlayers-1_glayers-1_dwidth-200_gwidth-400_dlr-0.0001_glr-0.0001_,8,6,0.04728,0.028396771195124987,0.026275013148739326,0.006787403490739915,0.09680902111324377
alpha-1.0_dlayers-1_glayers-1_dwidth-200_gwidth-400_dlr-0.0001_glr-0.0001_,7,8,0.85028,0.0005750049151815604,0.0005761779807420039,0.00014388230230778331,0.013755598208573236
alpha-1.0_dlayers-1_glayers-1_dwidth-200_gwidth-400_dlr-0.0001_glr-0.0001_,9,8,0.3548,0.021827253460006052,0.02060368122410272,0.005282272772240488,0.08593250159948818
alpha-1.0_dlayers-1_glayers-1_dwidth-200_gwidth-400_dlr-0.0001_glr-0.0001_,6,5,0.05836,0.028678199510313133,0.025899072924621763,0.0067671834768596355,0.09824856046065261
alpha-1.0_dlayers-1_glayers-2_dwidth-200_gwidth-400_dlr-0.0001_glr-0.0001_,8,0,0.0,6.781675623100128,2.0763270312195545,0.49567934465894903,0.8747200895713372
alpha-1.0_dlayers-1_glayers-2_dwidth-200_gwidth-400_dlr-0.0001_glr-0.0001_,9,0,0.0,6.781675623100128,2.0763270312195545,0.49567934465894903,0.8747200895713372
alpha-1.0_dlayers-1_glayers-2_dwidth-200_gwidth-400_dlr-0.0001_glr-0.0001_,7,0,0.0,6.781675623100128,2.0763270312195545,0.49567934465894903,0.8747200895713372
alpha-1.0_dlayers-1_glayers-2_dwidth-200_gwidth-400_dlr-0.0001_glr-0.0001_,6,0,0.0,6.781675623100128,2.0763270312195545,0.49567934465894903,0.8747200895713372
alpha-1.0_dlayers-1_glayers-2_dwidth-200_gwidth-400_dlr-0.0001_glr-0.0001_,10,0,0.0,6.781675623100128,2.0763270312195545,0.49567934465894903,0.8747200895713372
alpha-1.0_dlayers-1_glayers-3_dwidth-200_gwidth-400_dlr-0.0001_glr-0.0001_,9,0,0.0,6.781675623100128,2.0763270312195545,0.49567934465894903,0.8747200895713372
alpha-1.0_dlayers-1_glayers-3_dwidth-200_gwidth-400_dlr-0.0001_glr-0.0001_,8,8,0.94192,0.0014764370719564691,0.0014509923109243712,0.00036577908035740833,0.02019353806781831
alpha-1.0_dlayers-1_glayers-3_dwidth-200_gwidth-400_dlr-0.0001_glr-0.0001_,7,0,0.0,6.781675623100128,2.0763270312195545,0.49567934465894903,0.8747200895713372
alpha-1.0_dlayers-1_glayers-3_dwidth-200_gwidth-400_dlr-0.0001_glr-0.0001_,6,0,0.0,6.781675623100128,2.0763270312195545,0.49567934465894903,0.8747200895713372
alpha-1.0_dlayers-1_glayers-4_dwidth-200_gwidth-400_dlr-0.0001_glr-0.0001_,9,0,0.0,6.781675623100128,2.0763270312195545,0.49567934465894903,0.8747200895713372
alpha-1.0_dlayers-1_glayers-4_dwidth-200_gwidth-400_dlr-0.0001_glr-0.0001_,7,0,0.0,6.781675623100128,2.0763270312195545,0.49567934465894903,0.8747200895713372
alpha-1.0_dlayers-1_glayers-4_dwidth-200_gwidth-400_dlr-0.0001_glr-0.0001_,8,0,0.0,6.781675623100128,2.0763270312195545,0.49567934465894903,0.8747200895713372
alpha-1.0_dlayers-1_glayers-4_dwidth-200_gwidth-400_dlr-0.0001_glr-0.0001_,6,0,0.0,6.781675623100128,2.0763270312195545,0.49567934465894903,0.8747200895713372
alpha-1.0_dlayers-1_glayers-3_dwidth-200_gwidth-400_dlr-0.0001_glr-0.0001_,10,0,0.0002,6.781675623100128,2.0763270312195545,0.49567934465894903,0.8747200895713372
alpha-1.0_dlayers-2_glayers-1_dwidth-200_gwidth-400_dlr-0.0001_glr-0.0001_,9,8,0.85944,0.000813334160976305,0.0008098861536066683,0.00020286007255192586,0.014955214331413946
alpha-1.0_dlayers-2_glayers-1_dwidth-200_gwidth-400_dlr-0.0001_glr-0.0001_,7,8,0.7424,0.10145868036813394,0.07314614442065784,0.02066734361726659,0.13727607165706973
alpha-1.0_dlayers-2_glayers-1_dwidth-200_gwidth-400_dlr-0.0001_glr-0.0001_,6,8,0.87928,0.0022082584883704928,0.0022459965216108015,0.0005565139878878295,0.02751119641714652
alpha-1.0_dlayers-2_glayers-1_dwidth-200_gwidth-400_dlr-0.0001_glr-0.0001_,8,8,0.86692,0.005555386274548501,0.005608265928046068,0.00139413071719425,0.0427063339731286
alpha-1.0_dlayers-2_glayers-1_dwidth-200_gwidth-400_dlr-0.0001_glr-0.0001_,10,8,0.86436,0.0007440790153985157,0.0007462793214480165,0.00018626894076852283,0.01635476647472809
alpha-1.0_dlayers-1_glayers-4_dwidth-200_gwidth-400_dlr-0.0001_glr-0.0001_,10,0,0.0,6.781675623100128,2.0763270312195545,0.49567934465894903,0.8747200895713372
alpha-1.0_dlayers-2_glayers-2_dwidth-200_gwidth-400_dlr-0.0001_glr-0.0001_,6,8,0.98272,0.0013584549619187064,0.0013591186012490795,0.00033964479236384083,0.02459213051823416
alpha-1.0_dlayers-2_glayers-2_dwidth-200_gwidth-400_dlr-0.0001_glr-0.0001_,7,8,0.96232,0.002295278613834887,0.0022943842861128834,0.0005735096421386884,0.030230326295585405
alpha-1.0_dlayers-2_glayers-2_dwidth-200_gwidth-400_dlr-0.0001_glr-0.0001_,8,8,0.9714,0.00025913120373844377,0.0002581419519228356,6.465666053907348e-05,0.0100767754318618
alpha-1.0_dlayers-2_glayers-2_dwidth-200_gwidth-400_dlr-0.0001_glr-0.0001_,9,8,0.96524,0.0020899479421796693,0.0021022942431720417,0.0005237843913462306,0.025591810620601417
alpha-1.0_dlayers-2_glayers-3_dwidth-200_gwidth-400_dlr-0.0001_glr-0.0001_,6,1,1.0,6.781675623100128,2.0763270312195545,0.49567934465894903,0.8747200895713372
alpha-1.0_dlayers-2_glayers-3_dwidth-200_gwidth-400_dlr-0.0001_glr-0.0001_,7,8,0.84968,0.0012688809957028986,0.0012861498839702654,0.00031928667924993907,0.020753358925143975
alpha-1.0_dlayers-2_glayers-3_dwidth-200_gwidth-400_dlr-0.0001_glr-0.0001_,8,8,0.93956,0.0040956923146404645,0.0040926528776955365,0.0010231280460340428,0.04390595009596928
alpha-1.0_dlayers-2_glayers-3_dwidth-200_gwidth-400_dlr-0.0001_glr-0.0001_,9,0,0.0,6.781675623100128,2.0763270312195545,0.49567934465894903,0.8747200895713372
alpha-1.0_dlayers-2_glayers-2_dwidth-200_gwidth-400_dlr-0.0001_glr-0.0001_,10,8,0.97328,0.0026190113978883205,0.002612804707754813,0.0006537612802484556,0.03150991682661549
alpha-1.0_dlayers-2_glayers-3_dwidth-200_gwidth-400_dlr-0.0001_glr-0.0001_,10,4,0.96648,3.6774656154664553,0.6919971581362289,0.21513850116789635,0.49984005118362124
alpha-1.0_dlayers-2_glayers-4_dwidth-200_gwidth-400_dlr-0.0001_glr-0.0001_,7,0,0.0,6.781675623100128,2.0763270312195545,0.49567934465894903,0.8747200895713372
alpha-1.0_dlayers-2_glayers-4_dwidth-200_gwidth-400_dlr-0.0001_glr-0.0001_,9,8,0.97504,0.0032943092387827284,0.0033271247663224177,0.0008272153341476358,0.03558861164427384
alpha-1.0_dlayers-2_glayers-4_dwidth-200_gwidth-400_dlr-0.0001_glr-0.0001_,8,8,0.97464,0.0135164259696911,0.01375757293095135,0.0034019242910252783,0.06685860524632117
alpha-1.0_dlayers-2_glayers-4_dwidth-200_gwidth-400_dlr-0.0001_glr-0.0001_,10,0,0.0,6.781675623100128,2.0763270312195545,0.49567934465894903,0.8747200895713372
alpha-1.0_dlayers-2_glayers-4_dwidth-200_gwidth-400_dlr-0.0001_glr-0.0001_,6,0,0.0,6.781675623100128,2.0763270312195545,0.49567934465894903,0.8747200895713372
alpha-1.0_dlayers-3_glayers-1_dwidth-200_gwidth-400_dlr-0.0001_glr-0.0001_,7,8,0.79904,0.0054857362762254225,0.0053909818948266255,0.0013583120332448882,0.04474568138195779
alpha-1.0_dlayers-3_glayers-1_dwidth-200_gwidth-400_dlr-0.0001_glr-0.0001_,8,8,0.74488,0.005844318275558823,0.005634691658440584,0.0014320207123942495,0.03690818937939858
alpha-1.0_dlayers-3_glayers-1_dwidth-200_gwidth-400_dlr-0.0001_glr-0.0001_,10,8,0.8344,0.004149263102652283,0.003967766959517491,0.0010132121812416522,0.033989123480486244
alpha-1.0_dlayers-3_glayers-1_dwidth-200_gwidth-400_dlr-0.0001_glr-0.0001_,9,8,0.73952,0.07646144338998945,0.05506161278320247,0.01561923411757416,0.10344689699296225
alpha-1.0_dlayers-3_glayers-2_dwidth-200_gwidth-400_dlr-0.0001_glr-0.0001_,6,8,0.99292,0.00122303955318619,0.0011968785094963463,0.00030238250248193054,0.019153870761356377
alpha-1.0_dlayers-3_glayers-2_dwidth-200_gwidth-400_dlr-0.0001_glr-0.0001_,7,8,0.96916,0.0009772271392560154,0.0009737914940244757,0.00024383763465972473,0.018154190658989114
alpha-1.0_dlayers-3_glayers-2_dwidth-200_gwidth-400_dlr-0.0001_glr-0.0001_,8,8,0.98284,0.002181436910174639,0.0022148864476023086,0.0005492901975099303,0.027391234804862434
alpha-1.0_dlayers-3_glayers-1_dwidth-200_gwidth-400_dlr-0.0001_glr-0.0001_,6,8,0.74928,0.07921863090505332,0.05579583362684034,0.015961186282351915,0.10448656429942418
alpha-1.0_dlayers-4_glayers-2_dwidth-200_gwidth-400_dlr-0.0001_glr-0.0001_,6,8,0.97172,0.003323913362172788,0.0032892914333082675,0.0008261762834374537,0.033549264235444645
alpha-1.0_dlayers-3_glayers-2_dwidth-200_gwidth-400_dlr-0.0001_glr-0.0001_,9,8,0.96564,0.004917170567960613,0.0048871931961346395,0.0012245563271209054,0.04046705054382597
alpha-1.0_dlayers-3_glayers-2_dwidth-200_gwidth-400_dlr-0.0001_glr-0.0001_,10,8,0.97536,0.0065693861068827075,0.006472282447178547,0.0016287038770260156,0.05090371081253999
alpha-1.0_dlayers-3_glayers-3_dwidth-200_gwidth-400_dlr-0.0001_glr-0.0001_,6,8,0.94968,0.1405062230574449,0.08191962235370465,0.02466878036734586,0.12256078055022393
alpha-1.0_dlayers-3_glayers-3_dwidth-200_gwidth-400_dlr-0.0001_glr-0.0001_,7,1,0.65996,6.317679266920461,2.0646196426403756,0.49157675056513767,0.8731206014075495
alpha-1.0_dlayers-3_glayers-3_dwidth-200_gwidth-400_dlr-0.0001_glr-0.0001_,8,6,0.92536,0.6133152193656899,0.2544663801814301,0.08005104483697631,0.24824056301983366
alpha-1.0_dlayers-3_glayers-3_dwidth-200_gwidth-400_dlr-0.0001_glr-0.0001_,9,8,0.9654,0.002901185300474592,0.002963546960716148,0.000732729803653557,0.03266954574536148
alpha-1.0_dlayers-3_glayers-4_dwidth-200_gwidth-400_dlr-0.0001_glr-0.0001_,6,8,0.98224,0.01060443478409372,0.01073411723399198,0.0026626330078761153,0.060380678182981436
alpha-1.0_dlayers-3_glayers-4_dwidth-200_gwidth-400_dlr-0.0001_glr-0.0001_,7,6,0.89472,1.7974798353224721,0.2886925064240171,0.09563732813848251,0.24992002559181062
alpha-1.0_dlayers-3_glayers-4_dwidth-200_gwidth-400_dlr-0.0001_glr-0.0001_,9,0,0.0,6.781675623100128,2.0763270312195545,0.49567934465894903,0.8747200895713372
alpha-1.0_dlayers-3_glayers-4_dwidth-200_gwidth-400_dlr-0.0001_glr-0.0001_,10,7,0.97732,0.891528655812111,0.1358585358537917,0.04587193223403291,0.12496001279590531
alpha-1.0_dlayers-3_glayers-4_dwidth-200_gwidth-400_dlr-0.0001_glr-0.0001_,8,8,0.90652,0.0011343667464435315,0.0011373799574646778,0.00028392800633331074,0.021753039027511183
alpha-1.0_dlayers-4_glayers-1_dwidth-200_gwidth-400_dlr-0.0001_glr-0.0001_,6,8,0.78692,0.2195019012455304,0.14604526910996188,0.04214557045054705,0.1964571337172105
alpha-1.0_dlayers-4_glayers-1_dwidth-200_gwidth-400_dlr-0.0001_glr-0.0001_,7,8,0.7096,0.1189194955326297,0.08100486570572094,0.02319726049195476,0.13691618682021753
alpha-1.0_dlayers-3_glayers-3_dwidth-200_gwidth-400_dlr-0.0001_glr-0.0001_,10,1,0.99832,6.781675623100128,2.0763270312195545,0.49567934465894903,0.8747200895713372
alpha-1.0_dlayers-4_glayers-1_dwidth-200_gwidth-400_dlr-0.0001_glr-0.0001_,8,8,0.59732,0.0798418968400802,0.06614690594114936,0.017788201783800552,0.14927223288547664
alpha-1.0_dlayers-4_glayers-1_dwidth-200_gwidth-400_dlr-0.0001_glr-0.0001_,9,8,0.78904,0.009892059586786768,0.009326418471746301,0.002396695896074044,0.05586212412028151
alpha-1.0_dlayers-4_glayers-1_dwidth-200_gwidth-400_dlr-0.0001_glr-0.0001_,10,8,0.77744,0.006353955155866311,0.00615753287441587,0.0015617433661189355,0.04694497760716569
alpha-1.0_dlayers-4_glayers-2_dwidth-200_gwidth-400_dlr-0.0001_glr-0.0001_,7,8,0.9612,0.0013086734605075676,0.0012978144887035347,0.0003257244294024189,0.019473768394113897
alpha-1.0_dlayers-4_glayers-2_dwidth-200_gwidth-400_dlr-0.0001_glr-0.0001_,8,8,0.96992,0.001990755528912796,0.001963440281089659,0.0004941188873791658,0.026871401151631474
alpha-1.0_dlayers-4_glayers-2_dwidth-200_gwidth-400_dlr-0.0001_glr-0.0001_,10,8,0.98268,0.0033993504510390973,0.0033983120704900085,0.0008493186718055564,0.038307741522712734
alpha-1.0_dlayers-4_glayers-2_dwidth-200_gwidth-400_dlr-0.0001_glr-0.0001_,9,8,0.97316,0.008129833243963854,0.00826933067197516,0.0020469421995490725,0.05330294305822137
alpha-1.0_dlayers-4_glayers-3_dwidth-200_gwidth-400_dlr-0.0001_glr-0.0001_,7,8,0.95724,0.2014107275990309,0.09708320397433562,0.030507875175846796,0.11428342930262315
alpha-1.0_dlayers-4_glayers-3_dwidth-200_gwidth-400_dlr-0.0001_glr-0.0001_,8,8,0.9722,0.005291752712430247,0.005207535124041977,0.001310656626654973,0.03818777991042866
alpha-1.0_dlayers-4_glayers-3_dwidth-200_gwidth-400_dlr-0.0001_glr-0.0001_,10,8,0.94976,0.002896539399959014,0.0029856346623188482,0.0007346289138341817,0.029030710172744723
alpha-1.0_dlayers-4_glayers-3_dwidth-200_gwidth-400_dlr-0.0001_glr-0.0001_,9,8,0.98352,0.006395576413792656,0.006369323822604647,0.0015924056661831077,0.034149072296865
alpha-1.0_dlayers-4_glayers-4_dwidth-200_gwidth-400_dlr-0.0001_glr-0.0001_,6,4,0.98104,3.175467774361436,0.679727130369677,0.21015585954781948,0.4976407549584133
alpha-1.0_dlayers-4_glayers-4_dwidth-200_gwidth-400_dlr-0.0001_glr-0.0001_,7,0,0.0,4.918656101850946,1.3107852206562869,0.35362857993773833,0.7295265515035187
alpha-1.0_dlayers-4_glayers-4_dwidth-200_gwidth-400_dlr-0.0001_glr-0.0001_,8,0,0.0,5.713189936109282,1.4741065532545803,0.388786455701566,0.7497600767754318
alpha-1.0_dlayers-4_glayers-3_dwidth-200_gwidth-400_dlr-0.0001_glr-0.0001_,6,8,0.96348,0.015416033090516045,0.015704257872905338,0.0038808579457162585,0.07561580294305822
alpha-1.0_dlayers-4_glayers-4_dwidth-200_gwidth-400_dlr-0.0001_glr-0.0001_,9,8,0.96208,0.002147713765224134,0.002185875639127796,0.0005414855392965985,0.029310620601407544
alpha-1.0_dlayers-4_glayers-4_dwidth-200_gwidth-400_dlr-0.0001_glr-0.0001_,10,8,0.96688,0.003917210813774989,0.003829640858168653,0.0009676514092664306,0.038907549584133096
