setting,seed,train_test_split,noise_dim,batch_size,save_images,n_epochs,epoch_step,lr,model_width,beta1,amp,d_alpha,g_alpha,non_saturating,ls_gan,errors,epochs,fid_scores,time
non_saturating-n_epochs-100-epoch_step-10-lr-0.0001-g_alpha-1-d_alpha-1,19,0.8,100,64,False,100,10,0.0001,64,0.9,False,1.0,1.0,True,False,"[0.12517474197674072, 0.1870557092293507, 0.10142470479759674, 0.1654769340590702, 0.34343118884030815, 0.17297224948692783, 0.22502305106927217, 0.37713036495047736, 0.15064989143689955, 0.10416108979506856]","[10, 20, 30, 40, 50, 60, 70, 80, 90, 100]","[1466.6001433437687, 709.502616612499, 495.2128365461913, 475.58654623238635, 389.7952017454179, 379.08725304245013, 362.9554528486908, 930.2836850919869, 366.64664450711007, 309.1891294979275]",4714
non_saturating-n_epochs-100-epoch_step-10-lr-0.01-g_alpha-1-d_alpha-1,19,0.8,100,64,False,100,10,0.01,64,0.9,False,1.0,1.0,True,False,"[0.5781951756342762, 0.9748817703221201, 0.9768745724398441, 0.978599684720859, 0.9770679039885786, 0.9787037863240237, 0.9771868772493382, 0.9769638023854139, 0.977588412004402, 0.9801017221379495]","[10, 20, 30, 40, 50, 60, 70, 80, 90, 100]","[2249.2376806047796, 2156.466888081478, 2212.894509632931, 2192.9845501061086, 2155.2207493233564, 2158.068272270463, 2136.4388335163912, 2146.345186262578, 2144.3025319518697, 2108.7302913605745]",4714
non_saturating-n_epochs-100-epoch_step-10-lr-0.01-g_alpha-1-d_alpha-1,8,0.8,100,64,False,100,10,0.01,64,0.9,False,1.0,1.0,True,False,"[0.15994467743374677, 0.13259569911662353, 0.0007435828797477767, 0.5001338449183546, 0.37955444513845515, 0.03423455578358764, 0.5075696737158324, 0.510023497219, 0.5314089408405461, 0.5317361173076351]","[10, 20, 30, 40, 50, 60, 70, 80, 90, 100]","[1550.228639764175, 1435.5486241158553, 2035.5284833377477, 1483.9396981851144, 2014.4838328066605, 2075.5465871982587, 2395.592958978304, 2214.1954790318646, 2203.2304264551785, 2202.2364155224004]",4728
non_saturating-n_epochs-100-epoch_step-10-lr-0.01-g_alpha-1-d_alpha-1,12,0.8,100,64,False,100,10,0.01,64,0.9,False,1.0,1.0,True,False,"[0.3258975045358556, 0.23477885845156302, 0.06214865708931917, 0.37928675530174594, 0.07608340025579251, 0.049373903215252375, 0.3215103655453437, 0.4198417655631897, 0.038413491567770144, 0.16684512655780614]","[10, 20, 30, 40, 50, 60, 70, 80, 90, 100]","[1532.6946163295092, 1496.296359413263, 1323.758637074841, 1372.6964713698878, 1208.7522079206801, 1388.4715163654168, 1231.8757930037102, 1392.4678688939084, 1271.9753938016834, 1614.0297269074995]",4730
non_saturating-n_epochs-100-epoch_step-10-lr-0.0005-g_alpha-1-d_alpha-1,18,0.8,100,64,False,100,10,0.0005,64,0.9,False,1.0,1.0,True,False,"[0.14413610541030902, 0.2800779274857976, 0.1699979179679367, 0.17417685375211922, 0.18423009428630915, 0.1967222866660718, 0.434103685196752, 0.3035454031706374, 0.34462092144790457, 0.27967639273073375]","[10, 20, 30, 40, 50, 60, 70, 80, 90, 100]","[1734.804268195053, 1259.8641824591282, 887.9484901013811, 580.9020934988762, 513.9002971978475, 453.00358244719564, 408.4612865599481, 427.7961358421219, 379.4947262543419, 361.49090665775793]",4740
non_saturating-n_epochs-100-epoch_step-10-lr-0.001-g_alpha-1-d_alpha-1,10,0.8,100,64,False,100,10,0.001,64,0.9,False,1.0,1.0,True,False,"[0.14831504119449154, 0.4163171827131852, 0.19614229201986855, 0.14153356533119182, 0.17512863983819638, 0.15356473632551085, 0.18302549002111776, 0.41359566937330833, 0.20814371969899764, 0.1796347520894679]","[10, 20, 30, 40, 50, 60, 70, 80, 90, 100]","[1516.0742061211565, 995.4402839168424, 778.5988354989936, 587.4579259410559, 494.6284475257862, 429.89536407632295, 450.1667176108674, 380.65878513119696, 332.91340468659155, 343.8856107174711]",4742
non_saturating-n_epochs-100-epoch_step-10-lr-0.001-g_alpha-1-d_alpha-1,14,0.8,100,64,False,100,10,0.001,64,0.9,False,1.0,1.0,True,False,"[0.21058267154457036, 0.2258558638945897, 0.20262633473126915, 0.35262187323399063, 0.2450254305344874, 0.29744802355670563, 0.18537521192112072, 0.24902590642753042, 0.1828470301299783, 0.34255376104220575]","[10, 20, 30, 40, 50, 60, 70, 80, 90, 100]","[1804.2688331983793, 1284.158466792527, 760.7127983370897, 560.6541005149224, 541.866061507011, 541.1882717393612, 404.15400448796936, 416.4798742255855, 409.5822842291834, 345.72508546753875]",4744
non_saturating-n_epochs-100-epoch_step-10-lr-0.005-g_alpha-1-d_alpha-1,13,0.8,100,64,False,100,10,0.005,64,0.9,False,1.0,1.0,True,False,"[0.17584247940275424, 0.3890276910264418, 0.39830760536569404, 0.13848487552422592, 0.17670503554326164, 0.32607596442699505, 0.11521073138812052, 0.4538681181404479, 0.3006305582820261, 0.12365783290205526]","[10, 20, 30, 40, 50, 60, 70, 80, 90, 100]","[1693.2117673205166, 1520.4951902767302, 1471.2534671705075, 1377.5748170503705, 1618.655275818633, 1361.3005972254475, 1399.5690057546403, 1264.6085240730217, 1513.3126498226034, 1632.0347835868133]",4728
non_saturating-n_epochs-100-epoch_step-10-lr-0.0005-g_alpha-1-d_alpha-1,19,0.8,100,64,False,100,10,0.0005,64,0.9,False,1.0,1.0,True,False,"[0.10074060854822879, 0.1254573034710449, 0.2656226763035008, 0.3124089110972309, 0.31416376669343565, 0.41096338597900123, 0.3635971565390678, 0.35021266470360785, 0.22850301894649178, 0.3878677017340353]","[10, 20, 30, 40, 50, 60, 70, 80, 90, 100]","[1498.3424941329745, 887.0877997372247, 642.4681811379528, 519.4779638706043, 423.1331512824115, 440.2348284897655, 412.4827246948539, 414.48523238505663, 410.6079266079814, 385.2660709840716]",4769
non_saturating-n_epochs-100-epoch_step-10-lr-0.001-g_alpha-1-d_alpha-1,8,0.8,100,64,False,100,10,0.001,64,0.9,False,1.0,1.0,True,False,"[0.2978941732845543, 0.19798637756164303, 0.32463341364028436, 0.18079474138187443, 0.26700574045983166, 0.31657297522381844, 0.18594033490972903, 0.1684363939204664, 0.38797180333719994, 0.22543945748193095]","[10, 20, 30, 40, 50, 60, 70, 80, 90, 100]","[1645.7578577253935, 1010.1335931602569, 751.5082123657, 706.3601145913353, 539.4320267839444, 454.5612235846286, 494.967553922653, 395.18210300436385, 400.6831479350765, 382.7164190266733]",4777
non_saturating-n_epochs-100-epoch_step-10-lr-0.0005-g_alpha-1-d_alpha-1,12,0.8,100,64,False,100,10,0.0005,64,0.9,False,1.0,1.0,True,False,"[0.4076618779929211, 0.36981350941375923, 0.43724160494928765, 0.20298325451354807, 0.4492579042860117, 0.30064542993962107, 0.1788316825793403, 0.1827131852116237, 0.32479700187382887, 0.3962107016448053]","[10, 20, 30, 40, 50, 60, 70, 80, 90, 100]","[1713.8655336875686, 1201.6616464921335, 830.0510383642672, 514.3851380627334, 435.4970344334904, 433.854195315404, 415.16400160795797, 381.1913690197939, 366.4943116363147, 398.7918868877173]",4784
non_saturating-n_epochs-100-epoch_step-10-lr-0.0005-g_alpha-1-d_alpha-1,8,0.8,100,64,False,100,10,0.0005,64,0.9,False,1.0,1.0,True,False,"[0.20102019571101395, 0.18821569852175724, 0.3589571993694417, 0.19737663960024984, 0.3567264507301984, 0.37072068052705154, 0.3290205526307962, 0.4237083965378781, 0.3065494780048184, 0.25283305077183904]","[10, 20, 30, 40, 50, 60, 70, 80, 90, 100]","[1670.1206366761512, 792.8479055669427, 623.7976719167807, 550.9655360308084, 451.30654934778886, 434.4091807021414, 406.37987848893727, 358.24612746025196, 431.00335515310667, 377.6146031053845]",4791
non_saturating-n_epochs-100-epoch_step-10-lr-0.0005-g_alpha-1-d_alpha-1,6,0.8,100,64,False,100,10,0.0005,64,0.9,False,1.0,1.0,True,False,"[0.3396389161535945, 0.31963653668837927, 0.462553166175902, 0.36300229023526964, 0.1684661372356563, 0.2888373338092264, 0.21370571963951102, 0.24837155349335238, 0.2428392968680289, 0.2888075904940365]","[10, 20, 30, 40, 50, 60, 70, 80, 90, 100]","[1858.558030830973, 995.6943111229855, 787.1318840227752, 534.5008795573481, 482.7048671603718, 418.5281446688316, 404.3177123192729, 414.2934223044456, 395.2122910433086, 402.7167118470934]",4797
non_saturating-n_epochs-100-epoch_step-10-lr-0.001-g_alpha-1-d_alpha-1,19,0.8,100,64,False,100,10,0.001,64,0.9,False,1.0,1.0,True,False,"[0.5123286041462182, 0.2869932482674519, 0.21376520626989085, 0.3134350554712828, 0.21699235596799618, 0.18863210493441598, 0.38395645578656196, 0.3037387347193718, 0.2816691948484578, 0.1482258112489218]","[10, 20, 30, 40, 50, 60, 70, 80, 90, 100]","[1706.3767273398535, 994.432902378222, 849.5748282935094, 600.2284771261961, 549.0333686166537, 415.8487635869294, 417.90257756395977, 440.70644403609936, 422.74909242253307, 419.47166288701237]",4801
non_saturating-n_epochs-100-epoch_step-10-lr-0.01-g_alpha-1-d_alpha-1,13,0.8,100,64,False,100,10,0.01,64,0.9,False,1.0,1.0,True,False,"[0.1654174474286904, 0.3532762261681687, 0.20902114749710002, 0.19681151661164153, 0.2016001903572172, 0.0020374170905089082, 0.14138484875524227, 0.3050920555605128, 0.09004788673745576, 0.3225513815769906]","[10, 20, 30, 40, 50, 60, 70, 80, 90, 100]","[1379.3143508225326, 2005.5889286680483, 1287.763197408977, 955.7442545385929, 1499.592730150549, 1956.9566356525393, 1961.3739051988882, 1431.2369629168252, 1662.761298283277, 1719.8750661863985]",4806
non_saturating-n_epochs-100-epoch_step-10-lr-0.001-g_alpha-1-d_alpha-1,12,0.8,100,64,False,100,10,0.001,64,0.9,False,1.0,1.0,True,False,"[0.1510068112191785, 0.22731328633889533, 0.4660033907379317, 0.3601766752922281, 0.2592278635376699, 0.238794206002201, 0.45449272775943605, 0.23803575146485828, 0.27616668153832424, 0.19814996579518754]","[10, 20, 30, 40, 50, 60, 70, 80, 90, 100]","[1755.83376434635, 1347.3618841487723, 1000.5081943190619, 573.3656730522202, 536.4066572532151, 503.80234987920653, 437.01876812273804, 391.4825357071379, 353.08338066668375, 368.1032539147102]",4813
non_saturating-n_epochs-100-epoch_step-10-lr-0.005-g_alpha-1-d_alpha-1,17,0.8,100,64,False,100,10,0.005,64,0.9,False,1.0,1.0,True,False,"[0.4839683531126379, 0.2214389815888879, 0.053389250765890364, 0.08219565152731924, 0.08301359269504179, 0.012640908955712203, 0.43666161030308437, 0.15523036197614587, 0.04485291930638589, 0.32188215698521755]","[10, 20, 30, 40, 50, 60, 70, 80, 90, 100]","[1711.960537375026, 1506.0761697861853, 1948.1977173403948, 1571.3430340867612, 1558.9757197835474, 2028.687409959551, 1708.3356406493572, 1780.518931292506, 1937.8519230778088, 1410.100019670127]",4827
non_saturating-n_epochs-100-epoch_step-10-lr-0.0005-g_alpha-1-d_alpha-1,11,0.8,100,64,False,100,10,0.0005,64,0.9,False,1.0,1.0,True,False,"[0.28911989530353055, 0.27414413610541033, 0.44500461021385446, 0.14693197703816066, 0.29545522143898156, 0.22972249486927812, 0.3747806430504744, 0.3938461080872074, 0.4606942089765325, 0.4995984652449362]","[10, 20, 30, 40, 50, 60, 70, 80, 90, 100]","[1515.2769965417433, 969.2837849004227, 689.4919363188417, 556.7421591146715, 472.13086371008103, 466.2472897745231, 445.280367386011, 381.89857645102416, 410.7362653658174, 375.2261359682807]",4702
non_saturating-n_epochs-100-epoch_step-10-lr-0.001-g_alpha-1-d_alpha-1,17,0.8,100,64,False,100,10,0.001,64,0.9,False,1.0,1.0,True,False,"[0.5392463043930876, 0.25814223253323815, 0.27218107730287616, 0.4218345676809137, 0.15274679515778827, 0.3191606436453407, 0.2677195800243895, 0.195993575443919, 0.44714612890752803, 0.4216709794473692]","[10, 20, 30, 40, 50, 60, 70, 80, 90, 100]","[1649.905148851061, 999.4159674626535, 654.2183020563423, 565.7349735636751, 491.806332362376, 467.1474902732839, 426.2446060253176, 426.05222446280004, 364.5874564484859, 452.2557834346783]",4706
non_saturating-n_epochs-100-epoch_step-10-lr-0.005-g_alpha-1-d_alpha-1,18,0.8,100,64,False,100,10,0.005,64,0.9,False,1.0,1.0,True,False,"[0.24279468189524406, 0.2728800452098391, 0.19165105142619196, 0.13336902531156122, 0.06848398322477023, 0.03407096755004313, 0.14861247434639066, 0.05332976413551054, 0.31927961690610035, 0.23372297076232118]","[10, 20, 30, 40, 50, 60, 70, 80, 90, 100]","[1678.923226237594, 1741.522521854502, 1731.9239652741626, 1470.5076138854129, 1774.530208735815, 1808.3533920404827, 1528.0659724149423, 1579.8971001529437, 1633.5796839530967, 1905.6507313184413]",4834
non_saturating-n_epochs-100-epoch_step-10-lr-0.005-g_alpha-1-d_alpha-1,16,0.8,100,64,False,100,10,0.005,64,0.9,False,1.0,1.0,True,False,"[0.11631123405014723, 0.41032390470241814, 0.06296659825704173, 0.20029148448886114, 0.0315725290740906, 0.12709318580648998, 0.07826953392225097, 0.17500966657743672, 0.2623360399750156, 0.11080872074001369]","[10, 20, 30, 40, 50, 60, 70, 80, 90, 100]","[1964.0103964707146, 1626.7373032285318, 1756.1245023336205, 1319.2810418642518, 1473.1571528484558, 1273.2718118361463, 1272.1689934128353, 1676.4756962886993, 1114.9705973137648, 1474.0553624753757]",4712
non_saturating-n_epochs-100-epoch_step-10-lr-0.001-g_alpha-1-d_alpha-1,18,0.8,100,64,False,100,10,0.001,64,0.9,False,1.0,1.0,True,False,"[0.35443621546057524, 0.1680199875078076, 0.2815650932452931, 0.2543499598465245, 0.20152583206924243, 0.17236251152553464, 0.4926236578329021, 0.16373695012046044, 0.18982183754201243, 0.13197108949763542]","[10, 20, 30, 40, 50, 60, 70, 80, 90, 100]","[1496.0828590100546, 1597.6523157251927, 786.9394293832261, 556.7655140078202, 508.48317315153236, 449.9313626025421, 380.27845083291936, 396.08304592798504, 367.11617224553856, 384.90881797529323]",4838
non_saturating-n_epochs-100-epoch_step-10-lr-0.005-g_alpha-1-d_alpha-1,20,0.8,100,64,False,100,10,0.005,64,0.9,False,1.0,1.0,True,False,"[0.05100978555069748, 0.0911037744266976, 0.17865322268820083, 0.13081110020522888, 0.336783557895363, 0.14550429790904496, 0.32857440290294754, 0.3727432259599655, 0.06582195651527319, 0.4639064870170429]","[10, 20, 30, 40, 50, 60, 70, 80, 90, 100]","[1540.8664117949797, 1485.142561782618, 1208.2872459053376, 1508.5409145767082, 1522.0920715981817, 1405.2175302145868, 1484.2731863469226, 1662.3598182582518, 1755.6039860038516, 1586.4979501127655]",4718
non_saturating-n_epochs-100-epoch_step-10-lr-0.005-g_alpha-1-d_alpha-1,14,0.8,100,64,False,100,10,0.005,64,0.9,False,1.0,1.0,True,False,"[0.2914844888611285, 0.29881621605544156, 0.30064542993962107, 0.17893578418250497, 0.14313970435144702, 0.1500698967906963, 0.09513399363493055, 0.31637964367508403, 0.2671693286933762, 0.4035424288391184]","[10, 20, 30, 40, 50, 60, 70, 80, 90, 100]","[1568.9617691028993, 1609.0000304566265, 1277.6223364107345, 1168.6170753379884, 1337.7354166914292, 1270.7376295434985, 1586.5399682377356, 1266.6824867983025, 1108.99765415943, 1339.711310665224]",4810
non_saturating-n_epochs-100-epoch_step-10-lr-0.01-g_alpha-1-d_alpha-1,15,0.8,100,64,False,100,10,0.01,64,0.9,False,1.0,1.0,True,False,"[0.20027661283126616, 0.40510395288658874, 0.11262306296659826, 0.034725320484221174, 0.3305969483358615, 0.08045566758870944, 0.43135242854168526, 0.060899437851342914, 0.12576960828053896, 0.35256238660361083]","[10, 20, 30, 40, 50, 60, 70, 80, 90, 100]","[1498.9517069745896, 1410.9071340809191, 1428.9130582474372, 1746.4498651723907, 1675.323260739644, 1944.2578858513284, 1628.3567225822565, 1546.1003038617196, 1435.9574800302626, 1592.2654855147402]",4729
non_saturating-n_epochs-100-epoch_step-10-lr-0.0001-g_alpha-1-d_alpha-1,13,0.8,100,64,False,100,10,0.0001,64,0.9,False,1.0,1.0,True,False,"[0.036881710835489724, 0.25280330745664914, 0.2663811308408435, 0.19743612623062967, 0.0925760685285982, 0.2803307456649118, 0.5, 0.1395258915558728, 0.23323220606168762, 0.2421105856458761]","[10, 20, 30, 40, 50, 60, 70, 80, 90, 100]","[1507.003838044651, 766.8193781782884, 499.03410171045334, 463.11442552671315, 418.1204018637518, 444.31796977735485, 1252.281730776388, 345.5470931664995, 381.55788287778955, 479.4230729433075]",4816
non_saturating-n_epochs-100-epoch_step-10-lr-0.0001-g_alpha-1-d_alpha-1,10,0.8,100,64,False,100,10,0.0001,64,0.9,False,1.0,1.0,True,False,"[0.26245501323577525, 0.11196871003242022, 0.18292138841795305, 0.15236013206031945, 0.20177865024835667, 0.39686505457898336, 0.3238006008149668, 0.2799886975402278, 0.285625055768716, 0.22106719014901402]","[10, 20, 30, 40, 50, 60, 70, 80, 90, 100]","[1404.7844118694813, 835.807321860445, 498.99544615447144, 444.1691655313839, 406.1502866699866, 386.91982497497133, 365.91506140621277, 353.16440157158036, 358.02217448802276, 324.27044867691075]",4858
non_saturating-n_epochs-100-epoch_step-10-lr-0.0001-g_alpha-1-d_alpha-1,12,0.8,100,64,False,100,10,0.0001,64,0.9,False,1.0,1.0,True,False,"[0.04668213319056542, 0.26409089557122034, 0.17423634038249902, 0.18539008357871567, 0.29172243538264775, 0.22106719014901402, 0.34368400701942237, 0.10740311115076887, 0.24028137176169656, 0.3321436007257369]","[10, 20, 30, 40, 50, 60, 70, 80, 90, 100]","[1581.7974835894197, 619.2133983406607, 498.9252142796295, 459.30480686266424, 379.23978516455145, 385.96854044206907, 369.1037996629477, 344.1089799870633, 369.6523581075994, 360.87628324037587]",4712
non_saturating-n_epochs-100-epoch_step-10-lr-0.01-g_alpha-1-d_alpha-1,17,0.8,100,64,False,100,10,0.01,64,0.9,False,1.0,1.0,True,False,"[0.40788495285684545, 0.3534249427441183, 0.21776568216293388, 0.20389042562684037, 0.22961839326611344, 0.37082478213021625, 0.04718776954879391, 0.2123375271407751, 0.18373932958567563, 0.2717795425478124]","[10, 20, 30, 40, 50, 60, 70, 80, 90, 100]","[1485.8162808345814, 1480.7006058652782, 1400.7567419045968, 1461.6940095651833, 1749.2120263674083, 1580.4951269846385, 1600.1714442767088, 1831.603124900133, 1219.2243250730448, 1430.4430650283814]",4864
non_saturating-n_epochs-100-epoch_step-10-lr-0.0001-g_alpha-1-d_alpha-1,14,0.8,100,64,False,100,10,0.0001,64,0.9,False,1.0,1.0,True,False,"[0.053597453972219745, 0.1305731536837096, 0.15203295559323043, 0.3535736593200678, 0.12944290770649297, 0.30855715178013743, 0.21235239879837006, 0.3008833764611404, 0.3058505100978555, 0.277921537134529]","[10, 20, 30, 40, 50, 60, 70, 80, 90, 100]","[1394.311092795981, 636.9932324982285, 515.104027721696, 447.2455557287931, 396.5250779578955, 392.95180328205515, 408.6288665201805, 372.61369655072144, 354.037269584094, 355.7889411859144]",4867
non_saturating-n_epochs-100-epoch_step-10-lr-0.01-g_alpha-1-d_alpha-1,14,0.8,100,64,False,100,10,0.01,64,0.9,False,1.0,1.0,True,False,"[0.343817851937777, 0.14073049582106423, 0.2701287885547723, 0.3881205199131495, 0.03952886588739181, 0.0016507539930400643, 0.49985128342405044, 0.01940751316141697, 0.5012343475803813, 0.5012343475803813]","[10, 20, 30, 40, 50, 60, 70, 80, 90, 100]","[1546.4489172321391, 1295.7491829023957, 1963.3666344391681, 2391.170492838642, 1854.4350427462737, 2034.0255244779314, 2012.2670875946392, 1946.7017868349599, 1995.497816386342, 2046.286950037684]",4835
non_saturating-n_epochs-100-epoch_step-10-lr-0.0001-g_alpha-1-d_alpha-1,17,0.8,100,64,False,100,10,0.0001,64,0.9,False,1.0,1.0,True,False,"[0.050697480741203414, 0.09697807917670503, 0.10175188126468576, 0.13210493441599, 0.42543350881889297, 0.21360161803634634, 0.24697361767942655, 0.11347074744951072, 0.27759436066744, 0.2733113232800928]","[10, 20, 30, 40, 50, 60, 70, 80, 90, 100]","[1241.5383033499659, 609.3356669095162, 504.42224348366744, 403.50331099944924, 393.14281304461997, 366.13378017283003, 345.3057755429177, 361.5146074059803, 369.5954496000313, 304.5824146082409]",4752
non_saturating-n_epochs-100-epoch_step-10-lr-0.01-g_alpha-1-d_alpha-1,9,0.8,100,64,False,100,10,0.01,64,0.9,False,1.0,1.0,True,False,"[0.5379375985247316, 0.579935159572886, 0.5791023467475684, 0.5743136730019928, 0.5736444484102198, 0.5661491329823622, 0.5692424377621129, 0.5609291811665328, 0.5661491329823622, 0.5650040153475506]","[10, 20, 30, 40, 50, 60, 70, 80, 90, 100]","[2024.238955498996, 2253.8597167696967, 2328.7209673832303, 2297.503739860478, 2291.202713245301, 2276.218944861285, 2249.6901468080696, 2259.2128863627013, 2279.4036901490863, 2279.9626526252655]",4883
non_saturating-n_epochs-100-epoch_step-10-lr-0.0001-g_alpha-1-d_alpha-1,8,0.8,100,64,False,100,10,0.0001,64,0.9,False,1.0,1.0,True,False,"[0.22075488533951995, 0.11189435174444544, 0.19119003004074833, 0.283602510335802, 0.18637161297998275, 0.28162457987567296, 0.22891942535915052, 0.325763659617501, 0.2773266708307308, 0.17627375747300794]","[10, 20, 30, 40, 50, 60, 70, 80, 90, 100]","[1718.3478113459305, 793.65797948261, 575.4159086862137, 484.6815517976472, 427.8852060346899, 428.4016788323436, 432.9777657177119, 424.63706603368405, 374.7210097484053, 373.63869120700724]",4713
non_saturating-n_epochs-100-epoch_step-10-lr-0.0005-g_alpha-1-d_alpha-1,13,0.8,100,64,False,100,10,0.0005,64,0.9,False,1.0,1.0,True,False,"[0.4904970107968234, 0.1557508699919693, 0.17236251152553464, 0.16901638856666965, 0.25982272984146815, 0.3156211891377413, 0.33416614615865087, 0.32446982540673985, 0.375598584218197, 0.25827607745159276]","[10, 20, 30, 40, 50, 60, 70, 80, 90, 100]","[2028.608691135043, 962.1888639022436, 666.4982809910025, 579.6302489458712, 525.9047117646621, 542.3141557658034, 480.6237886193619, 449.582241368176, 448.26473538076925, 386.3317554818923]",4860
non_saturating-n_epochs-100-epoch_step-10-lr-0.0005-g_alpha-1-d_alpha-1,20,0.8,100,64,False,100,10,0.0005,64,0.9,False,1.0,1.0,True,False,"[0.4375539097587817, 0.10057702031468427, 0.2531453555813331, 0.33705124773207223, 0.4263555515897802, 0.46021831593349394, 0.25711608815918624, 0.46994438000059485, 0.37516730614794325, 0.3645191993099551]","[10, 20, 30, 40, 50, 60, 70, 80, 90, 100]","[2000.8608443035557, 1211.9932780076235, 803.6461548513173, 555.0550397656395, 551.6177488279211, 408.2991659181753, 370.9063544449607, 403.60564584756435, 367.13410922342723, 337.69359584214203]",4776
non_saturating-n_epochs-100-epoch_step-10-lr-0.0001-g_alpha-1-d_alpha-1,20,0.8,100,64,False,100,10,0.0001,64,0.9,False,1.0,1.0,True,False,"[0.4240504446625621, 0.13769667767169327, 0.06766604205704768, 0.23128401891674846, 0.1608369768894441, 0.19020850063948128, 0.15912673626602422, 0.4840575830582077, 0.3582879747776687, 0.20851551113887154]","[10, 20, 30, 40, 50, 60, 70, 80, 90, 100]","[1566.664216132185, 658.720226819594, 551.5376334346915, 459.5809891697677, 440.80285417206164, 395.9734174401549, 360.7630334060964, 404.2163455693508, 343.8376939107711, 350.5318920773734]",4783
non_saturating-n_epochs-100-epoch_step-10-lr-0.0005-g_alpha-1-d_alpha-1,16,0.8,100,64,False,100,10,0.0005,64,0.9,False,1.0,1.0,True,False,"[0.3223283067130662, 0.30382796466494155, 0.34744653639094614, 0.4012075785967104, 0.35819874483209896, 0.17025073614705094, 0.3523393117396865, 0.4192617709169864, 0.3037089914041819, 0.3852502899973231]","[10, 20, 30, 40, 50, 60, 70, 80, 90, 100]","[1603.9724170562, 788.7743009975061, 627.8843224317245, 521.7404206220622, 509.52326040120033, 456.7068017314484, 466.3916707621895, 394.00983247952945, 414.9219832806068, 385.27712779548574]",4786
non_saturating-n_epochs-100-epoch_step-10-lr-0.005-g_alpha-1-d_alpha-1,6,0.8,100,64,False,100,10,0.005,64,0.9,False,1.0,1.0,True,False,"[0.4923410963385979, 0.13945153326789805, 0.24108444127182416, 0.23080812587370989, 0.3027869486332947, 0.1644507896850183, 0.2497694893072782, 0.3648166324618542, 0.2831117456351685, 0.3497665149757592]","[10, 20, 30, 40, 50, 60, 70, 80, 90, 100]","[1911.4341878736195, 1337.6607462216775, 1123.0610363504559, 915.0017030007241, 716.3157889977776, 738.1967154247327, 586.1059066557784, 1056.9253208601324, 1289.6401183798052, 947.2548947848995]",4914
non_saturating-n_epochs-100-epoch_step-10-lr-0.0001-g_alpha-1-d_alpha-1,16,0.8,100,64,False,100,10,0.0001,64,0.9,False,1.0,1.0,True,False,"[0.13714642634067994, 0.15476934059070224, 0.3487552422593022, 0.2388983076053657, 0.2549448261503227, 0.25399304006424556, 0.25586686892120997, 0.1513042443710776, 0.24175366586359714, 0.15112578447993813]","[10, 20, 30, 40, 50, 60, 70, 80, 90, 100]","[1517.0193118448208, 739.6229680922897, 664.3491441851481, 467.59966505415014, 423.0258263344649, 414.7814600609304, 387.89304176060614, 368.5680077872671, 388.3823439749783, 330.0241339966294]",4794
non_saturating-n_epochs-100-epoch_step-10-lr-0.005-g_alpha-1-d_alpha-1,11,0.8,100,64,False,100,10,0.005,64,0.9,False,1.0,1.0,True,False,"[0.27054519496743107, 0.2801522857737723, 0.11750096665774368, 0.14605454924005828, 0.14670890217423635, 0.1115374319621665, 0.23593884774396953, 0.2729990184705987, 0.2858183873174504, 0.03393712263168853]","[10, 20, 30, 40, 50, 60, 70, 80, 90, 100]","[1438.6557227913604, 1369.0362604615789, 1104.107647673832, 998.1545438146122, 1525.879075515661, 1417.1260855306805, 1568.7365074947147, 1688.0792942346825, 1480.283826157905, 1573.709970600025]",4776
non_saturating-n_epochs-100-epoch_step-10-lr-0.001-g_alpha-1-d_alpha-1,6,0.8,100,64,False,100,10,0.001,64,0.9,False,1.0,1.0,True,False,"[0.3951548139555635, 0.11333690253115612, 0.1974956128610095, 0.24312185836233308, 0.23724755361232563, 0.17139585378186253, 0.3523839267124714, 0.2524017727015853, 0.2409357246958746, 0.18509265042681658]","[10, 20, 30, 40, 50, 60, 70, 80, 90, 100]","[1526.4901784218794, 1033.3566076509019, 967.4048511536262, 781.0225038552312, 502.71822568504626, 529.4812450356535, 478.0400597915227, 449.2390609613283, 404.48368345451695, 355.99055754436563]",4926
non_saturating-n_epochs-100-epoch_step-10-lr-0.01-g_alpha-1-d_alpha-1,10,0.8,100,64,False,100,10,0.01,64,0.9,False,1.0,1.0,True,False,"[0.5, 0.04051039528865887, 0.489961631123405, 0.20629963415722316, 0.3846851670087148, 0.23733678355789536, 0.13988281133815175, 0.35028702299158265, 0.28398917343327085, 0.0783290205526308]","[10, 20, 30, 40, 50, 60, 70, 80, 90, 100]","[2040.9771666697002, 1764.3164466070514, 1390.4544828885905, 1983.459646798614, 1468.7806887133888, 1919.0910723963857, 1385.7788300268633, 1700.3121838192762, 1583.828727047358, 2021.8541846068188]",4801
non_saturating-n_epochs-100-epoch_step-10-lr-0.005-g_alpha-1-d_alpha-1,10,0.8,100,64,False,100,10,0.005,64,0.9,False,1.0,1.0,True,False,"[0.48911394664049257, 0.21085036138127955, 0.06418607417982808, 0.3892656375479611, 0.018202908896225573, 0.117724041521668, 0.15985544748817704, 0.09618988132417239, 0.026486422176615804, 0.059218940543112934]","[10, 20, 30, 40, 50, 60, 70, 80, 90, 100]","[1471.9119695103218, 1578.16108404639, 1367.7465047606352, 1279.0739141723443, 1530.6961986921401, 1374.2974517537662, 1336.5227185132248, 1542.2332159182884, 1161.1387750856297, 1471.3651731858336]",4801
non_saturating-n_epochs-100-epoch_step-10-lr-0.005-g_alpha-1-d_alpha-1,9,0.8,100,64,False,100,10,0.005,64,0.9,False,1.0,1.0,True,False,"[0.14398738883435946, 0.08502126647036079, 0.30195413580797714, 0.30173106094405283, 0.2388983076053657, 0.4160792361916659, 0.1447755866868921, 0.0983611433330359, 0.05517384967728503, 0.4140715624163469]","[10, 20, 30, 40, 50, 60, 70, 80, 90, 100]","[1649.5224692756158, 1175.091209693894, 1482.932563364398, 1047.2168931875417, 1230.1581746436586, 1466.7521651040988, 1042.6681146179646, 1281.8091328534301, 1203.0335580791968, 1286.8057710612104]",4778
non_saturating-n_epochs-100-epoch_step-10-lr-0.001-g_alpha-1-d_alpha-1,15,0.8,100,64,False,100,10,0.001,64,0.9,False,1.0,1.0,True,False,"[0.36041462181374734, 0.44548050325689303, 0.11500252818179114, 0.43811903274739, 0.2103001100502662, 0.18332292317301688, 0.17475684839832248, 0.1884982600160614, 0.18863210493441598, 0.18058653817554504]","[10, 20, 30, 40, 50, 60, 70, 80, 90, 100]","[1692.7033889697677, 1234.7610476718087, 771.1023556100924, 575.2440088615106, 501.42948539300505, 485.3912020754992, 417.5740481597561, 371.07767913230737, 372.46933023487895, 362.4889462722233]",4812
non_saturating-n_epochs-100-epoch_step-10-lr-0.0005-g_alpha-1-d_alpha-1,4,0.8,100,64,False,100,10,0.0005,64,0.9,False,1.0,1.0,True,False,"[0.2155498051812855, 0.16845126557806134, 0.25058743047500076, 0.18539008357871567, 0.26098271913387466, 0.34094762202195056, 0.35454031706373995, 0.3119032747390024, 0.1651497575919812, 0.35778233841944024]","[10, 20, 30, 40, 50, 60, 70, 80, 90, 100]","[1593.2609576954874, 830.7721031465635, 619.9807710611847, 487.80040898652123, 464.1750135988257, 407.08017346757515, 452.71100346560956, 426.9258031093027, 442.88022241456974, 394.18429958601405]",4759
non_saturating-n_epochs-100-epoch_step-10-lr-0.01-g_alpha-1-d_alpha-1,16,0.8,100,64,False,100,10,0.01,64,0.9,False,1.0,1.0,True,False,"[0.1910710567799887, 0.2620683501383064, 0.49962820856012613, 0.49965795187531603, 0.4997025668481009, 0.4995241069569614, 0.4995241069569614, 0.49937539038101186, 0.4994200053537967, 0.5405847535766336]","[10, 20, 30, 40, 50, 60, 70, 80, 90, 100]","[1426.150182859914, 1752.0046627183096, 2045.4157343864742, 2089.1139785239243, 2099.277896731432, 2091.2347490223074, 2077.6223719811237, 2178.9773637562744, 2130.3206698205363, 2189.037631292294]",4820
non_saturating-n_epochs-100-epoch_step-10-lr-0.0005-g_alpha-1-d_alpha-1,15,0.8,100,64,False,100,10,0.0005,64,0.9,False,1.0,1.0,True,False,"[0.022783379435471877, 0.2828886707712442, 0.2272240563933256, 0.41820588322774455, 0.2615032271496981, 0.38874512953213763, 0.33885071830106184, 0.2710359596680646, 0.2410993129294191, 0.26229142500223074]","[10, 20, 30, 40, 50, 60, 70, 80, 90, 100]","[1797.922768298693, 951.981438139218, 680.314791086988, 512.4327482652686, 438.31846867243803, 478.6268435631707, 417.0556254619919, 447.1441630284944, 378.39135055615475, 337.7820758794255]",4821
non_saturating-n_epochs-100-epoch_step-10-lr-0.001-g_alpha-1-d_alpha-1,11,0.8,100,64,False,100,10,0.001,64,0.9,False,1.0,1.0,True,False,"[0.3858451563011213, 0.11306921269444692, 0.4200350971119241, 0.30409565450165077, 0.23022813122750663, 0.2501412807471521, 0.2597037565807085, 0.1635138752565361, 0.3019095208351923, 0.3498557449213289]","[10, 20, 30, 40, 50, 60, 70, 80, 90, 100]","[1759.4200913146954, 1027.2459891212607, 696.2970704518866, 516.9232528926873, 480.27477278891, 471.99296350384657, 384.4541030906553, 436.6536802347737, 386.44789880313397, 392.9430699657089]",4813
non_saturating-n_epochs-100-epoch_step-10-lr-0.005-g_alpha-1-d_alpha-1,7,0.8,100,64,False,100,10,0.005,64,0.9,False,1.0,1.0,True,False,"[0.09892626632164421, 0.3318164242586479, 0.15888878974450493, 0.18607417982808364, 0.23529936646738644, 0.5534189940810803, 0.05013235775259511, 0.231774783617382, 0.17466761845275275, 0.154516522411588]","[10, 20, 30, 40, 50, 60, 70, 80, 90, 100]","[1839.8947111327168, 1535.3542910721412, 1331.0222716560297, 1261.586637899928, 935.1776795938413, 1038.4894385033242, 1328.4385545398168, 1624.7137082860936, 1417.440665627258, 1225.7379369983062]",4793
non_saturating-n_epochs-100-epoch_step-10-lr-0.005-g_alpha-1-d_alpha-1,4,0.8,100,64,False,100,10,0.005,64,0.9,False,1.0,1.0,True,False,"[0.17991731358377205, 0.10152880640076142, 0.3322030873561167, 0.20973498706165788, 0.18937568781416378, 0.25534636090538654, 0.04113500490764701, 0.39707325778531277, 0.31914577198774574, 0.13037982213497518]","[10, 20, 30, 40, 50, 60, 70, 80, 90, 100]","[1603.3070051124628, 1388.868213825081, 1222.8972103197618, 821.8405790123638, 703.529314917349, 486.7625777538567, 1406.8769124791465, 1393.7728411800504, 1394.778033885344, 1553.4812118155157]",4803
non_saturating-n_epochs-100-epoch_step-10-lr-0.01-g_alpha-1-d_alpha-1,6,0.8,100,64,False,100,10,0.01,64,0.9,False,1.0,1.0,True,False,"[0.27249338211237023, 0.4991671871746825, 0.11864608429255524, 0.47712739061895837, 0.29868237113708695, 0.4302073109068737, 0.055054876416525386, 0.34133428511941943, 0.10020522887481038, 0.47909044942149254]","[10, 20, 30, 40, 50, 60, 70, 80, 90, 100]","[1502.8199741090161, 1544.5762661863494, 1558.501022827365, 1300.0184063050347, 1844.954557928439, 1924.1095051040818, 1705.8395463136706, 1868.8804079140418, 1572.348913981953, 1937.3537864582363]",4803
non_saturating-n_epochs-100-epoch_step-10-lr-0.001-g_alpha-1-d_alpha-1,7,0.8,100,64,False,100,10,0.001,64,0.9,False,1.0,1.0,True,False,"[0.05987329347729098, 0.24627464977246363, 0.3997798994675947, 0.29056244609024123, 0.32793492162636445, 0.3099699592516582, 0.28479224294339844, 0.4039142202789923, 0.3817257071473186, 0.22457690134142352]","[10, 20, 30, 40, 50, 60, 70, 80, 90, 100]","[1812.1963725160438, 1004.3441856993813, 735.5999049225759, 615.118505410484, 518.0001686374981, 455.9798878645429, 420.218109340929, 369.3105014098833, 405.66169951357483, 358.7941251691568]",4805
non_saturating-n_epochs-100-epoch_step-10-lr-0.0001-g_alpha-1-d_alpha-1,9,0.8,100,64,False,100,10,0.0001,64,0.9,False,1.0,1.0,True,False,"[0.036807352547514945, 0.16275542071919336, 0.23821421135599774, 0.12820856012611165, 0.2299604413907974, 0.10258469409000327, 0.17129175217869783, 0.24985871925284792, 0.2721067190149014, 0.23990958032182266]","[10, 20, 30, 40, 50, 60, 70, 80, 90, 100]","[1396.2357139486232, 592.4188094090296, 465.9309065952866, 419.3713188214201, 480.1684740665728, 437.73317968991773, 360.3253789123578, 372.7248973522942, 347.4481842571006, 343.7529033620567]",4843
non_saturating-n_epochs-100-epoch_step-10-lr-0.01-g_alpha-1-d_alpha-1,20,0.8,100,64,False,100,10,0.01,64,0.9,False,1.0,1.0,True,False,"[0.1611641533565331, 0.18124089110972308, 0.16650307843312215, 0.13955563487106273, 0.12850599327801077, 0.1304987953957348, 0.5266648820677553, 0.5, 0.044466256208917046, 0.04312780702537105]","[10, 20, 30, 40, 50, 60, 70, 80, 90, 100]","[2140.5310296937496, 2254.0712395994724, 2230.284164091101, 2242.1197407072405, 2211.225922833411, 2263.3961063097427, 2183.2855312047373, 2533.076078726913, 2572.9069973944843, 2622.8730141327023]",4844
non_saturating-n_epochs-100-epoch_step-10-lr-0.001-g_alpha-1-d_alpha-1,3,0.8,100,64,False,100,10,0.001,64,0.9,False,1.0,1.0,True,False,"[0.488638053597454, 0.08806995627732667, 0.42657862645370453, 0.359195145890961, 0.25952529668956903, 0.1915023348502424, 0.1533119181463966, 0.19135361827429284, 0.2881681092174534, 0.2757948900984504]","[10, 20, 30, 40, 50, 60, 70, 80, 90, 100]","[1592.3536342499924, 1153.5989481785118, 999.3067996747991, 723.822335653987, 566.9625606030881, 555.4104338253992, 473.4523242017583, 444.045447761986, 407.67495833608154, 402.52260222431755]",5035
non_saturating-n_epochs-100-epoch_step-10-lr-0.0001-g_alpha-1-d_alpha-1,7,0.8,100,64,False,100,10,0.0001,64,0.9,False,1.0,1.0,True,False,"[0.1250111537431962, 0.08158591356592605, 0.18977722256922758, 0.3297343921953541, 0.25208946789209125, 0.2720323607269266, 0.2971208470896166, 0.1405371642723298, 0.17991731358377205, 0.27060468159781087]","[10, 20, 30, 40, 50, 60, 70, 80, 90, 100]","[1526.3450559996566, 902.4237340563784, 553.7408717469141, 488.62347996461403, 532.553143155671, 411.1705055117318, 406.56270918793143, 359.8039833496787, 506.26501712637764, 353.34836371331335]",4908
non_saturating-n_epochs-100-epoch_step-10-lr-0.01-g_alpha-1-d_alpha-1,1,0.8,100,64,False,100,10,0.01,64,0.9,False,1.0,1.0,True,False,"[0.04787186579816186, 0.1108682073703935, 0.3416465899289135, 0.27897742482377086, 0.3883882097498587, 0.16216055441539515, 0.41911305434103685, 0.41248029505368666, 0.45150352458285, 0.13818744237232683]","[10, 20, 30, 40, 50, 60, 70, 80, 90, 100]","[1371.353034138041, 1794.787887895511, 1327.5292539693987, 1583.9874351962133, 1521.4727382162187, 2253.6240621676266, 2258.301595846051, 2258.915539259201, 2255.409664425389, 2046.4861887177024]",5053
non_saturating-n_epochs-100-epoch_step-10-lr-0.0005-g_alpha-1-d_alpha-1,3,0.8,100,64,False,100,10,0.0005,64,0.9,False,1.0,1.0,True,False,"[0.1329080039261176, 0.1545462657267779, 0.4809791499360519, 0.16216055441539515, 0.15618214806222303, 0.2611314357098242, 0.28245739270099046, 0.353172124565004, 0.17756759168376907, 0.2479254037655037]","[10, 20, 30, 40, 50, 60, 70, 80, 90, 100]","[1627.730647634649, 1051.8867855492274, 808.8168771991413, 586.0305696392679, 472.0965748355127, 485.940687986641, 486.94697291476905, 469.24286635015915, 444.8135813658298, 455.5063170520798]",5094
non_saturating-n_epochs-100-epoch_step-10-lr-0.005-g_alpha-1-d_alpha-1,8,0.8,100,64,False,100,10,0.005,64,0.9,False,1.0,1.0,True,False,"[0.345141429463728, 0.1443145653014485, 0.25988221647184795, 0.36792480889919993, 0.32305701793521907, 0.17031022277743077, 0.3420629963415722, 0.02947562535320187, 0.25952529668956903, 0.14235150649891437]","[10, 20, 30, 40, 50, 60, 70, 80, 90, 100]","[1486.600004937087, 1446.148130680108, 1101.570430281982, 872.3412675989155, 1344.6765614663454, 1349.0596223381276, 1141.5481625545544, 1248.6893843569355, 1421.0476649568602, 1418.4283837016656]",5099
non_saturating-n_epochs-100-epoch_step-10-lr-0.0005-g_alpha-1-d_alpha-1,7,0.8,100,64,False,100,10,0.0005,64,0.9,False,1.0,1.0,True,False,"[0.43266113441004134, 0.216724666131287, 0.23422860712054966, 0.2601647779661521, 0.43154576009041967, 0.29276345141429466, 0.3576336218434907, 0.18536034026352577, 0.32623955266053956, 0.3383599536004283]","[10, 20, 30, 40, 50, 60, 70, 80, 90, 100]","[1592.8289919463482, 807.1734997746346, 699.27006065261, 526.1281553712324, 507.50060792030126, 511.61821173520775, 460.1905770355934, 414.9318083748367, 430.061999260206, 460.8301636314404]",4936
non_saturating-n_epochs-100-epoch_step-10-lr-0.001-g_alpha-1-d_alpha-1,13,0.8,100,64,False,100,10,0.001,64,0.9,False,1.0,1.0,True,False,"[0.334448707652955, 0.44846970643347905, 0.12462449064572738, 0.3071294726510217, 0.17945629219832843, 0.32731031200737637, 0.48550013384491836, 0.18058653817554504, 0.36991761101692394, 0.1280301002349722]","[10, 20, 30, 40, 50, 60, 70, 80, 90, 100]","[1547.0465221689237, 1273.833043892078, 848.2343471652678, 801.0312837900901, 606.1832286526474, 501.2195894038646, 509.49908120367286, 443.7377836340429, 413.4938414100325, 368.4497349669259]",5081
non_saturating-n_epochs-100-epoch_step-10-lr-0.005-g_alpha-1-d_alpha-1,12,0.8,100,64,False,100,10,0.005,64,0.9,False,1.0,1.0,True,False,"[0.375925760685286, 0.15429344754766366, 0.12557627673180452, 0.14653044228309686, 0.2432408316230927, 0.464203920168942, 0.2958864995092353, 0.4885934386246691, 0.49360518723416913, 0.25418637161297997]","[10, 20, 30, 40, 50, 60, 70, 80, 90, 100]","[1438.6202758377385, 1214.6978679133063, 1037.3607849844338, 949.2922993065065, 889.391975300292, 1115.83449002692, 1071.1952790550683, 1040.552383147471, 1237.1469759683619, 1189.8210481970318]",5120
non_saturating-n_epochs-100-epoch_step-10-lr-0.0005-g_alpha-1-d_alpha-1,14,0.8,100,64,False,100,10,0.0005,64,0.9,False,1.0,1.0,True,False,"[0.3537818625263972, 0.1482555545641117, 0.16088159186222897, 0.2726718420035097, 0.27436721096933464, 0.39656762142708424, 0.18463162904137295, 0.22820558579459266, 0.41667410249546416, 0.2614139972041284]","[10, 20, 30, 40, 50, 60, 70, 80, 90, 100]","[1626.7450921388315, 1044.772605748019, 591.4484321140533, 495.24061590137217, 433.79500521304544, 410.0991159294283, 465.3339470738856, 425.65864479778975, 381.53908622999097, 374.18846387331155]",5132
non_saturating-n_epochs-100-epoch_step-10-lr-0.005-g_alpha-1-d_alpha-1,1,0.8,100,64,False,100,10,0.005,64,0.9,False,1.0,1.0,True,False,"[0.1379643675084025, 0.2620683501383064, 0.28934297016745486, 0.19456589631480325, 0.3040807828440558, 0.16398976829957468, 0.29957467059278425, 0.14600993426727343, 0.05208054489753428, 0.20934832396418904]","[10, 20, 30, 40, 50, 60, 70, 80, 90, 100]","[1550.969289890807, 1285.513740858936, 1123.178069729531, 1501.4576017645963, 1409.9369611344318, 1030.9322066699851, 1106.7022140060772, 1362.374079370729, 1471.3410320598205, 1360.4236334555953]",5097
non_saturating-n_epochs-100-epoch_step-10-lr-0.0005-g_alpha-1-d_alpha-1,9,0.8,100,64,False,100,10,0.0005,64,0.9,False,1.0,1.0,True,False,"[0.20353350584456142, 0.22711995479016092, 0.25409714166741026, 0.16012313732488623, 0.26049195443324114, 0.35302340798905446, 0.2915439754915083, 0.1698045864192023, 0.18329317985782695, 0.4569168079474138]","[10, 20, 30, 40, 50, 60, 70, 80, 90, 100]","[1634.259195409303, 1225.8992583583454, 697.9169493353395, 586.0988563323422, 453.6499658399416, 498.6635258378569, 613.0067793354044, 385.339637464999, 406.1809173367917, 388.56361433647794]",5003
non_saturating-n_epochs-100-epoch_step-10-lr-0.0005-g_alpha-1-d_alpha-1,10,0.8,100,64,False,100,10,0.0005,64,0.9,False,1.0,1.0,True,False,"[0.217051842598376, 0.24490645727372773, 0.1214419559204069, 0.3358169001516909, 0.28677017340352756, 0.26403140894084054, 0.3515957288599387, 0.12365783290205526, 0.35961155230361974, 0.28895630706998604]","[10, 20, 30, 40, 50, 60, 70, 80, 90, 100]","[1761.954476337685, 998.2569603304587, 715.5175580779223, 641.5741802469834, 516.6965411045346, 468.8232795791107, 411.364057737218, 438.3538018979832, 384.870243073191, 427.68540764244653]",5180
non_saturating-n_epochs-100-epoch_step-10-lr-0.01-g_alpha-1-d_alpha-1,18,0.8,100,64,False,100,10,0.01,64,0.9,False,1.0,1.0,True,False,"[0.9937241604949287, 0.22587073555218465, 0.7458433717022099, 0.7705303233098361, 0.8065792213200084, 0.8315338627643437, 0.8239939323637012, 0.8355045953421968, 0.8311620713244698, 0.8397132744415693]","[10, 20, 30, 40, 50, 60, 70, 80, 90, 100]","[2214.5332003406966, 1806.0885034257499, 2001.6877691123232, 2048.430488750071, 2065.9620276965884, 2047.028786717255, 2047.4677710267283, 2067.50276722856, 2069.3188608078817, 2021.974666279341]",5194
non_saturating-n_epochs-100-epoch_step-10-lr-0.0001-g_alpha-1-d_alpha-1,15,0.8,100,64,False,100,10,0.0001,64,0.9,False,1.0,1.0,True,False,"[0.24957615775854378, 0.1434073941881562, 0.0939145177121442, 0.28199637131554683, 0.18552392849707028, 0.26571190624907054, 0.13751821778055381, 0.36679456292198326, 0.2888075904940365, 0.12291425002230749]","[10, 20, 30, 40, 50, 60, 70, 80, 90, 100]","[1443.5829638119508, 625.4093369049974, 524.2851494596139, 445.51598634716356, 403.74678615625794, 374.7925934799864, 383.1425627113131, 370.02483311645574, 349.18887105800536, 459.7451817965839]",5161
non_saturating-n_epochs-100-epoch_step-10-lr-0.0001-g_alpha-1-d_alpha-1,18,0.8,100,64,False,100,10,0.0001,64,0.9,False,1.0,1.0,True,False,"[0.1577288004520984, 0.12084708961660867, 0.24954641444335385, 0.18420035097111925, 0.3315338627643437, 0.1084292555248208, 0.259867344814253, 0.3405758305820767, 0.37803753606376966, 0.18787365039707327]","[10, 20, 30, 40, 50, 60, 70, 80, 90, 100]","[1633.7667825342432, 700.3830298816579, 549.2579470948922, 502.49752713106136, 415.267190212945, 420.9596978549439, 404.20313335658875, 371.01217873935025, 344.21006358960744, 399.97545080477516]",5210
non_saturating-n_epochs-100-epoch_step-10-lr-0.01-g_alpha-1-d_alpha-1,4,0.8,100,64,False,100,10,0.01,64,0.9,False,1.0,1.0,True,False,"[0.306356146456084, 0.5141578180303976, 0.5007584545373427, 0.509681449094316, 0.5081496683620357, 0.5085660747746944, 0.5054727699949436, 0.5075250587430475, 0.5061122512715267, 0.5039409892626632]","[10, 20, 30, 40, 50, 60, 70, 80, 90, 100]","[1583.4300045535886, 2566.905993659211, 2767.6414298816194, 2809.6196421582436, 2836.699960360481, 2867.305549723016, 2843.9138224181133, 2810.5137091368492, 2800.143462581645, 2804.656875876494]",5033
non_saturating-n_epochs-100-epoch_step-10-lr-0.005-g_alpha-1-d_alpha-1,2,0.8,100,64,False,100,10,0.005,64,0.9,False,1.0,1.0,True,False,"[0.1281639451533268, 0.09617500966657744, 0.16828767734451683, 0.36203563249159754, 0.2111031795603938, 0.49406620861961276, 0.11214716992355968, 0.21818208857559263, 0.23339579429523213, 0.2769846227060468]","[10, 20, 30, 40, 50, 60, 70, 80, 90, 100]","[1625.5383683359792, 1185.654187221439, 952.0616424661418, 743.928475105924, 588.3177297946158, 1338.4038386704733, 1445.0654213237526, 1107.4982330315997, 1414.1811913682016, 1406.9404283075783]",5047
non_saturating-n_epochs-100-epoch_step-10-lr-0.005-g_alpha-1-d_alpha-1,19,0.8,100,64,False,100,10,0.005,64,0.9,False,1.0,1.0,True,False,"[0.1914725915350525, 0.16517950090717112, 0.3797329050295946, 0.25067666042057046, 0.8662889265637548, 0.0008179411677225544, 0.0013533208411409536, 1.4871657594955533e-05, 0.11297998274887719, 0.40395883525177717]","[10, 20, 30, 40, 50, 60, 70, 80, 90, 100]","[1615.612841235607, 1221.3491071947367, 1440.127972550676, 1427.3791148734445, 2405.1375288295494, 2185.1224593903366, 1647.5748190061163, 1881.7058750292213, 2260.555942151698, 1798.7033598557682]",5235
non_saturating-n_epochs-100-epoch_step-10-lr-0.001-g_alpha-1-d_alpha-1,1,0.8,100,64,False,100,10,0.001,64,0.9,False,1.0,1.0,True,False,"[0.21693286933761638, 0.1945807679723982, 0.39051485678593734, 0.19881919038696053, 0.3577377234466554, 0.17268968799262366, 0.27209184735730646, 0.29381933910353647, 0.27594360667439993, 0.39000922042770886]","[10, 20, 30, 40, 50, 60, 70, 80, 90, 100]","[1730.5323454296595, 1264.710343351317, 766.027287209904, 602.6957331771926, 481.9962304826472, 412.8606762552513, 463.61420798040103, 366.4421092092541, 396.9446289073271, 346.129869020589]",5057
non_saturating-n_epochs-100-epoch_step-10-lr-0.001-g_alpha-1-d_alpha-1,16,0.8,100,64,False,100,10,0.001,64,0.9,False,1.0,1.0,True,False,"[0.43426727343029653, 0.1618036346331162, 0.1187948008685048, 0.3822016001903572, 0.11699533029951519, 0.32040986288331696, 0.2657862645370453, 0.25122691175158385, 0.3615002528181791, 0.3601469319770382]","[10, 20, 30, 40, 50, 60, 70, 80, 90, 100]","[1510.8804261341324, 1105.5936966588406, 889.1427792231864, 616.2390005435295, 573.2381962911106, 463.74616653137036, 444.8964453898943, 369.15495444076214, 446.2579286230398, 350.5181526592901]",5129
non_saturating-n_epochs-100-epoch_step-10-lr-0.001-g_alpha-1-d_alpha-1,2,0.8,100,64,False,100,10,0.001,64,0.9,False,1.0,1.0,True,False,"[0.3163647720174891, 0.215386216947741, 0.24123315784777372, 0.2264507301983879, 0.2681657297522382, 0.432452931203712, 0.13298236221409238, 0.22094821688825436, 0.40733470152583207, 0.18122601945212813]","[10, 20, 30, 40, 50, 60, 70, 80, 90, 100]","[1494.7267826545858, 1026.3012116069426, 701.0451936907566, 581.3608367183626, 503.74489462950714, 509.1563348402933, 383.4063195924032, 355.2804937274559, 346.1818066069395, 358.81246679266405]",5088
non_saturating-n_epochs-100-epoch_step-10-lr-0.005-g_alpha-1-d_alpha-1,3,0.8,100,64,False,100,10,0.005,64,0.9,False,1.0,1.0,True,False,"[0.17203533505844562, 0.1707415008476845, 0.21978822759584785, 0.24176853752119212, 0.22262871419648433, 0.18168704083757176, 0.4569316796050088, 0.4004045090865828, 0.32626929597572946, 0.06864757145831474]","[10, 20, 30, 40, 50, 60, 70, 80, 90, 100]","[1474.7495921691088, 1353.7184125128433, 1005.1739946580315, 844.6441850352417, 768.7479484390069, 1728.7966623085679, 1606.9214845146485, 1330.021077282999, 1339.768607661315, 1335.1634290183392]",5282
non_saturating-n_epochs-100-epoch_step-10-lr-0.001-g_alpha-1-d_alpha-1,20,0.8,100,64,False,100,10,0.001,64,0.9,False,1.0,1.0,True,False,"[0.12603729811724815, 0.1809732012730139, 0.1114035870438119, 0.28456916807947413, 0.28331994884149786, 0.38208262692959755, 0.21697748431040123, 0.28995270812884805, 0.1303054638470004, 0.3221052318491419]","[10, 20, 30, 40, 50, 60, 70, 80, 90, 100]","[1469.094911330203, 1371.763883584616, 1047.1565364788735, 679.7015832802642, 628.4536621144471, 588.3137232994691, 430.067778297396, 420.1580057599674, 375.79853317589937, 360.7313433466436]",5180
non_saturating-n_epochs-100-epoch_step-10-lr-0.01-g_alpha-1-d_alpha-1,3,0.8,100,64,False,100,10,0.01,64,0.9,False,1.0,1.0,True,False,"[0.408345974242289, 0.412376193450522, 0.5860920258171975, 0.005145593527854615, 0.24947205615537907, 0.41731358377204725, 0.1869962225989709, 0.09895600963683412, 0.17844501948187144, 0.1905059337913804]","[10, 20, 30, 40, 50, 60, 70, 80, 90, 100]","[1425.6308167060663, 1382.330421101132, 2138.7654190244443, 1916.507992755014, 1869.433983744018, 1908.8755894049223, 1717.9278760548093, 1486.7557506187836, 1786.453417378816, 1385.8772471851946]",5305
non_saturating-n_epochs-100-epoch_step-10-lr-0.001-g_alpha-1-d_alpha-1,9,0.8,100,64,False,100,10,0.001,64,0.9,False,1.0,1.0,True,False,"[0.25382945183070105, 0.3159781089200202, 0.36866839177894767, 0.13333928199637132, 0.22423485321673953, 0.24257160703131972, 0.2662770292376788, 0.3698432527289492, 0.39902144493025193, 0.1958151155527795]","[10, 20, 30, 40, 50, 60, 70, 80, 90, 100]","[1654.908509856884, 1258.1990454030624, 679.5577925344401, 565.7705362027516, 513.8584563810191, 410.82910909703105, 493.69959891052713, 396.19070723396635, 389.9386427868576, 361.7748898442667]",5159
non_saturating-n_epochs-100-epoch_step-10-lr-0.0005-g_alpha-1-d_alpha-1,17,0.8,100,64,False,100,10,0.0005,64,0.9,False,1.0,1.0,True,False,"[0.14922221230778382, 0.3426727343029654, 0.1195978703786324, 0.24011778352815205, 0.2997680021415187, 0.30788792718836444, 0.22792302430028852, 0.17967936706225276, 0.31245352607001575, 0.12276553344635793]","[10, 20, 30, 40, 50, 60, 70, 80, 90, 100]","[1870.517256672507, 1107.854656749911, 648.0869287476032, 531.5720281418942, 476.34187196927314, 406.835937227715, 418.03242683489475, 333.40214784935006, 364.0753542966713, 362.5797624176448]",5193
non_saturating-n_epochs-100-epoch_step-10-lr-0.0001-g_alpha-1-d_alpha-1,11,0.8,100,64,False,100,10,0.0001,64,0.9,False,1.0,1.0,True,False,"[0.1813003777401029, 0.24138187442372327, 0.14061152256030457, 0.17582760774515926, 0.22075488533951995, 0.21813747360280777, 0.25647660688260315, 0.15994467743374677, 0.2359834627167544, 0.3814728889682044]","[10, 20, 30, 40, 50, 60, 70, 80, 90, 100]","[1425.029591148795, 614.9700182699125, 474.07346715233143, 447.453152493242, 420.6703333262051, 412.85886243208824, 381.5158564859853, 522.6752213897789, 358.4047093300924, 429.96736169295264]",5209
non_saturating-n_epochs-100-epoch_step-10-lr-0.005-g_alpha-1-d_alpha-1,15,0.8,100,64,False,100,10,0.005,64,0.9,False,1.0,1.0,True,False,"[0.25546533416614614, 0.055382052883614405, 0.2586181255762767, 0.20731090687368015, 0.35944796407007523, 0.4644567383480563, 0.3155914458225514, 0.14981707861158206, 0.08442640016656257, 0.1754855596204753]","[10, 20, 30, 40, 50, 60, 70, 80, 90, 100]","[1448.7772884858755, 1752.9037322743143, 850.6369177831934, 1159.2017268003906, 1274.7906319605434, 1351.5315771345763, 1490.3208240431763, 878.0668237891787, 1389.8184187830955, 1198.0884999468371]",5218
non_saturating-n_epochs-100-epoch_step-10-lr-0.01-g_alpha-1-d_alpha-1,7,0.8,100,64,False,100,10,0.01,64,0.9,False,1.0,1.0,True,False,"[0.5391570744475179, 0.4587014068588085, 0.3724160494928765, 0.5042532940721572, 0.5079860801284911, 0.19593408881353916, 0.19068439368251985, 0.1559144582255138, 0.1460842925552482, 0.12215579548496476]","[10, 20, 30, 40, 50, 60, 70, 80, 90, 100]","[1931.1307987645491, 1357.9201236318122, 1360.6123964631922, 1859.1290594602576, 2065.3541252074997, 1927.2000301005326, 1964.609994814761, 2190.021642985722, 2121.138076341886, 1978.9015636222155]",5165
non_saturating-n_epochs-100-epoch_step-10-lr-0.01-g_alpha-1-d_alpha-1,11,0.8,100,64,False,100,10,0.01,64,0.9,False,1.0,1.0,True,False,"[0.14318431932423187, 0.31062431218583625, 0.4701674548645192, 0.3630766485232444, 0.0009220427708872431, 0.5000743582879748, 0.5000594866303798, 0.5000594866303798, 0.5001487165759495, 0.5000892299455697]","[10, 20, 30, 40, 50, 60, 70, 80, 90, 100]","[1439.2268808774456, 1629.9167020568798, 1653.1049657529857, 2018.798347901813, 2698.2457278688003, 2460.170807575243, 2663.961667470232, 2675.8422583023244, 2601.3298404961815, 2837.1229447677892]",5203
non_saturating-n_epochs-100-epoch_step-10-lr-0.0001-g_alpha-1-d_alpha-1,2,0.8,100,64,False,100,10,0.0001,64,0.9,False,1.0,1.0,True,False,"[0.155854971595134, 0.17423634038249902, 0.17768656494452872, 0.2706344249130008, 0.235448083043336, 0.28677017340352756, 0.15998929240653162, 0.18253472532048423, 0.10889027691026441, 0.2436126230629666]","[10, 20, 30, 40, 50, 60, 70, 80, 90, 100]","[1441.3861426174021, 708.2109688281971, 525.6929505536659, 449.683849156949, 413.3731004042488, 386.5290988930967, 369.97700315919747, 409.0908143846855, 372.5707572245026, 348.9697400826335]",5316
non_saturating-n_epochs-100-epoch_step-10-lr-0.0005-g_alpha-1-d_alpha-1,2,0.8,100,64,False,100,10,0.0005,64,0.9,False,1.0,1.0,True,False,"[0.2652508848636269, 0.1930787305553077, 0.28989322149846825, 0.180928586300229, 0.3471788465542369, 0.19850688557746646, 0.40004758930430384, 0.20188275185152138, 0.17112816394515332, 0.2778025638737694]","[10, 20, 30, 40, 50, 60, 70, 80, 90, 100]","[1578.641128000026, 1052.2373930262331, 715.5808441781753, 534.6039904743966, 481.34148513837704, 533.5102935335613, 517.7580464004463, 440.53328484163853, 469.6575064099229, 415.3428115304241]",5335
non_saturating-n_epochs-100-epoch_step-10-lr-0.0001-g_alpha-1-d_alpha-1,4,0.8,100,64,False,100,10,0.0001,64,0.9,False,1.0,1.0,True,False,"[0.17572350614199458, 0.055679486035513516, 0.12694446923054042, 0.12327116980458643, 0.252847922429434, 0.2659498527705898, 0.18945004610213853, 0.2869932482674519, 0.1155527795128045, 0.28596710389339997]","[10, 20, 30, 40, 50, 60, 70, 80, 90, 100]","[1333.8279701962465, 700.5096411611851, 537.1779560358582, 518.7320285285696, 521.2090441866847, 395.2367972899267, 427.9227521019827, 412.966009451892, 343.095176954256, 925.4453773285386]",5312
non_saturating-n_epochs-100-epoch_step-10-lr-0.01-g_alpha-1-d_alpha-1,2,0.8,100,64,False,100,10,0.01,64,0.9,False,1.0,1.0,True,False,"[0.5091163261057078, 0.16964099818565778, 0.973573064453764, 0.9579875672942506, 0.9509830165670266, 0.9485589363790488, 0.9443353856220814, 0.9423277118467625, 0.9399482466315695, 0.939130305463847]","[10, 20, 30, 40, 50, 60, 70, 80, 90, 100]","[2179.041995046371, 2211.9956299811092, 2143.399531086252, 2180.8921382109697, 2253.5175438870097, 2272.561919499005, 2231.972461717215, 2236.8501563999016, 2228.022456850905, 2139.270363962987]",5306
non_saturating-n_epochs-100-epoch_step-10-lr-0.0001-g_alpha-1-d_alpha-1,3,0.8,100,64,False,100,10,0.0001,64,0.9,False,1.0,1.0,True,False,"[0.2248892061509176, 0.08228488147288897, 0.11369382231343506, 0.32768210344725024, 0.21541596026293092, 0.18534546860593082, 0.23086761250408971, 0.2520151096041165, 0.34581065405550104, 0.21547544689331072]","[10, 20, 30, 40, 50, 60, 70, 80, 90, 100]","[1348.8192072785096, 584.1016833869155, 505.7770685793748, 422.4373155441133, 409.37296853249813, 369.7575090332891, 359.5205082033556, 359.2862981673493, 342.88481811834095, 405.0310488956334]",5306
non_saturating-n_epochs-100-epoch_step-10-lr-0.0001-g_alpha-1-d_alpha-1,1,0.8,100,64,False,100,10,0.0001,64,0.9,False,1.0,1.0,True,False,"[0.09033044823175991, 0.12278040510395288, 0.1250557687159811, 0.32680467564914784, 0.2724487671395854, 0.12603729811724815, 0.1819101157014961, 0.23571577288004522, 0.2497694893072782, 0.2121739389072306]","[10, 20, 30, 40, 50, 60, 70, 80, 90, 100]","[1430.6676021976893, 631.3150035199287, 538.3977578065483, 437.6548024667534, 410.42667739140916, 375.81147822787943, 381.9967473166271, 361.2401734966154, 380.1768184600501, 334.488879236638]",5348
non_saturating-n_epochs-100-epoch_step-10-lr-0.001-g_alpha-1-d_alpha-1,4,0.8,100,64,False,100,10,0.001,64,0.9,False,1.0,1.0,True,False,"[0.4798786472740252, 0.1731804526932572, 0.38266262157580083, 0.22686713661104665, 0.24236340382499033, 0.2874542696528955, 0.2720323607269266, 0.24567978346866542, 0.45084917164867194, 0.316721691799768]","[10, 20, 30, 40, 50, 60, 70, 80, 90, 100]","[1667.987669803243, 1330.2422829487587, 810.7321320165051, 635.6482178189667, 495.39877961601405, 429.4352098458753, 485.0843283218983, 358.01978987292296, 404.5824333395485, 337.17801850100955]",5414
non_saturating-n_epochs-100-epoch_step-10-lr-0.0005-g_alpha-1-d_alpha-1,1,0.8,100,64,False,100,10,0.0005,64,0.9,False,1.0,1.0,True,False,"[0.13925820171916362, 0.20980934534963266, 0.21400315279141013, 0.4748520270069302, 0.31087713036495046, 0.21910413134647988, 0.28553582582314624, 0.2608340025579251, 0.34442758989917016, 0.2702923767883168]","[10, 20, 30, 40, 50, 60, 70, 80, 90, 100]","[1789.6923080687097, 1587.696895043191, 848.0929520389454, 498.3971403678788, 491.8289358424679, 452.1009346389967, 435.30645425013563, 406.16313274610866, 382.94483454519377, 374.13980116994685]",5749
