Setting,Seed,0.0-1,0.0-3,0.0-5,0.0-10,0.1-1,0.1-3,0.1-5,0.1-10,0.2-1,0.2-3,0.2-5,0.2-10,0.3-1,0.3-3,0.3-5,0.3-10,0.4-1,0.4-3,0.4-5,0.4-10,0.5-1,0.5-3,0.5-5,0.5-10,0.6-1,0.6-3,0.6-5,0.6-10,0.7-1,0.7-3,0.7-5,0.7-10,0.8-1,0.8-3,0.8-5,0.8-10,0.9-1,0.9-3,0.9-5,0.9-10
-non_saturating-n_epochs-50-d_alpha-1,1,751,571,473,330,728,540,442,310,633,446,344,242,520,331,252,166,423,231,178,121,312,177,130,82,234,118,87,45,169,76,54,23,98,38,21,10,35,7,4,0
-non_saturating-n_epochs-50-d_alpha-1,3,809,628,529,406,783,597,506,384,702,517,425,312,606,417,331,223,504,315,239,156,404,225,168,95,315,152,105,54,214,97,55,27,134,39,23,8,47,10,2,0
-non_saturating-n_epochs-50-d_alpha-2,1,726,539,468,374,696,513,452,346,618,446,372,281,523,356,292,205,435,271,210,142,341,204,155,89,266,142,95,50,186,86,48,25,122,41,20,10,38,13,8,3
-non_saturating-n_epochs-50-d_alpha-1.2,1,747,552,458,335,714,529,426,319,618,421,343,250,507,328,264,186,407,245,194,133,310,177,138,78,242,124,78,45,168,64,44,22,94,39,17,8,28,4,3,0
-non_saturating-n_epochs-50-d_alpha-1.5,1,781,590,504,367,753,576,471,342,667,471,384,264,566,365,292,189,464,280,211,138,373,204,146,90,273,142,95,55,184,91,52,20,110,36,15,7,42,5,1,0
-non_saturating-n_epochs-50-d_alpha-3,2,458,295,230,155,360,223,168,124,240,132,109,75,146,78,62,38,90,46,32,22,56,26,19,10,32,13,8,5,15,6,3,3,6,2,1,1,1,0,0,0
-non_saturating-n_epochs-50-d_alpha-1,2,903,708,588,417,880,690,563,401,813,588,472,338,733,483,385,257,635,387,294,193,541,302,227,132,432,223,157,88,331,158,100,53,217,83,48,18,99,21,12,3
-non_saturating-n_epochs-50-d_alpha-3,1,753,542,435,306,715,494,402,274,603,391,304,212,479,283,222,147,378,212,156,103,301,146,101,60,218,94,68,34,150,56,36,21,79,30,19,11,26,7,5,0
-non_saturating-n_epochs-50-d_alpha-2,2,708,520,432,312,656,487,404,286,567,383,307,218,455,288,223,161,347,211,167,109,270,160,120,77,206,105,77,44,157,69,46,25,97,34,21,7,32,3,1,0
-non_saturating-n_epochs-50-d_alpha-1.5,2,800,598,491,351,777,585,469,337,691,490,393,286,590,389,322,224,502,319,252,175,423,234,186,124,334,182,141,89,251,140,100,50,185,82,55,30,94,33,16,8
-non_saturating-n_epochs-50-d_alpha-1.2,2,807,634,535,390,774,599,508,364,697,513,418,289,610,400,319,213,501,297,231,153,395,233,172,100,317,164,116,60,226,100,71,35,153,63,32,18,68,17,9,3
-non_saturating-n_epochs-50-d_alpha-1.2,3,800,606,512,386,789,585,500,375,708,517,434,322,616,438,354,243,523,349,273,188,436,267,203,134,357,201,145,86,280,129,93,43,186,81,45,15,91,19,7,2
-non_saturating-n_epochs-50-d_alpha-1,4,747,530,441,315,708,492,410,284,615,403,321,215,499,308,242,154,392,220,160,107,295,162,114,85,207,109,87,56,160,75,59,45,95,51,38,14,46,12,6,3
-non_saturating-n_epochs-50-d_alpha-1.5,3,894,738,629,451,878,716,611,433,824,625,517,362,750,512,395,270,650,399,303,196,553,309,227,142,432,238,166,108,323,158,114,53,235,102,53,19,113,24,13,4
-non_saturating-n_epochs-50-d_alpha-2,3,682,490,408,295,648,468,384,271,564,375,310,219,463,302,241,170,378,220,176,108,303,166,118,69,229,106,74,51,160,63,47,29,90,34,27,15,36,13,5,4
-non_saturating-n_epochs-50-d_alpha-3,3,745,549,444,325,704,508,403,300,593,408,320,221,490,306,242,161,388,224,172,114,306,172,126,77,225,121,85,52,162,76,54,32,108,44,30,9,46,13,6,5
-non_saturating-n_epochs-50-d_alpha-1.2,4,801,608,485,343,767,567,446,319,665,461,363,256,553,348,257,180,432,246,186,115,320,180,122,76,230,118,81,47,166,71,53,31,105,44,29,14,46,7,3,1
-non_saturating-n_epochs-50-d_alpha-1,6,840,666,566,420,803,636,534,388,730,530,426,288,624,411,313,219,517,304,230,139,417,210,150,90,305,142,99,55,204,89,58,26,121,45,24,15,43,13,3,2
-non_saturating-n_epochs-50-d_alpha-1.2,5,573,389,320,243,548,378,311,238,487,322,266,198,409,259,211,153,329,211,163,115,272,158,123,82,215,113,84,60,161,79,62,41,106,52,38,16,53,15,5,1
-non_saturating-n_epochs-50-d_alpha-3,5,282,174,146,112,236,152,124,93,168,101,87,67,122,71,57,44,80,51,38,21,54,25,19,13,34,15,11,10,16,7,6,5,7,6,3,3,3,2,2,1
-non_saturating-n_epochs-50-d_alpha-1.5,5,701,491,394,282,680,467,377,274,601,401,324,233,496,326,255,188,419,263,205,142,340,192,150,112,258,151,120,77,190,115,81,49,135,67,41,22,64,23,10,5
-non_saturating-n_epochs-50-d_alpha-2,4,681,506,429,340,639,477,404,319,556,393,334,247,468,319,256,179,390,234,184,116,306,171,122,76,227,109,85,42,157,71,46,25,95,37,19,13,42,16,10,3
-non_saturating-n_epochs-50-d_alpha-1.5,4,763,587,489,353,733,556,465,327,635,448,365,251,511,342,261,171,421,235,182,126,331,171,127,82,239,110,81,48,158,62,41,15,84,28,12,3,20,4,2,1
-non_saturating-n_epochs-50-d_alpha-1,5,2,2,2,2,0,0,0,0,0,0,0,0,0,0,0,0,0,0,0,0,0,0,0,0,0,0,0,0,0,0,0,0,0,0,0,0,0,0,0,0
-non_saturating-n_epochs-50-d_alpha-3,4,579,395,324,240,544,376,310,227,450,312,249,182,363,238,195,138,284,182,140,95,222,129,98,55,171,92,57,36,114,46,36,26,67,30,21,15,30,14,8,4
-non_saturating-n_epochs-50-d_alpha-2,5,172,121,105,91,117,89,79,68,75,59,48,35,49,33,23,19,31,18,17,14,19,11,9,7,10,4,2,1,3,2,1,0,2,0,0,0,0,0,0,0
-non_saturating-n_epochs-50-d_alpha-1,7,4,4,4,3,2,2,2,2,1,1,1,1,0,0,0,0,0,0,0,0,0,0,0,0,0,0,0,0,0,0,0,0,0,0,0,0,0,0,0,0
-non_saturating-n_epochs-50-d_alpha-1.5,6,314,208,181,136,199,134,114,83,101,64,49,37,51,34,22,16,29,9,5,1,8,1,0,0,1,0,0,0,0,0,0,0,0,0,0,0,0,0,0,0
-non_saturating-n_epochs-50-d_alpha-2,6,134,104,91,78,106,78,69,61,74,53,46,38,47,32,24,16,30,15,8,5,14,3,2,1,4,1,1,0,3,1,0,0,1,0,0,0,1,0,0,0
-non_saturating-n_epochs-50-d_alpha-3,6,463,314,264,192,384,261,215,157,278,176,139,100,204,118,93,63,128,72,59,35,88,53,37,23,63,31,22,15,32,15,13,8,17,8,8,3,5,1,1,0
-non_saturating-n_epochs-50-d_alpha-1.2,7,726,506,404,281,691,479,378,268,580,388,307,211,488,301,219,150,382,207,156,102,287,147,108,76,215,100,76,52,149,71,51,34,94,44,32,17,41,17,13,8
-non_saturating-n_epochs-50-d_alpha-1.2,6,708,527,419,289,676,484,381,263,562,367,293,193,430,261,194,149,324,185,149,103,244,142,107,69,180,89,71,34,120,57,38,21,80,30,19,9,33,8,6,4
-non_saturating-n_epochs-50-d_alpha-1,8,2,2,2,2,2,2,2,2,0,0,0,0,0,0,0,0,0,0,0,0,0,0,0,0,0,0,0,0,0,0,0,0,0,0,0,0,0,0,0,0
-non_saturating-n_epochs-50-d_alpha-1.2,8,622,432,348,241,588,411,329,234,515,349,272,188,433,267,208,151,345,203,159,106,282,156,121,79,211,117,87,54,159,86,57,37,102,44,35,19,49,16,10,7
-non_saturating-n_epochs-50-d_alpha-3,7,643,453,366,264,612,427,338,255,528,348,283,211,439,283,228,162,352,221,173,118,286,165,126,85,227,122,90,56,163,79,55,35,100,41,25,15,39,11,4,0
-non_saturating-n_epochs-50-d_alpha-1.5,7,576,406,345,247,535,371,312,228,436,291,235,177,328,211,178,122,252,150,125,85,191,113,78,49,139,67,46,26,91,41,25,14,54,15,7,1,13,0,0,0
-non_saturating-n_epochs-50-d_alpha-2,7,811,598,499,359,783,569,469,336,672,483,370,257,577,354,279,181,458,263,192,114,354,182,127,72,268,125,74,46,178,70,42,23,104,34,22,2,30,4,0,0
-non_saturating-n_epochs-50-d_alpha-1.5,8,693,502,415,301,663,481,397,287,592,409,335,236,511,330,262,186,409,268,202,143,337,197,153,105,260,150,116,78,190,112,83,47,151,63,45,26,69,26,19,5
-non_saturating-n_epochs-50-d_alpha-2,8,792,603,482,332,751,553,427,301,640,416,335,230,515,307,239,166,413,219,158,99,304,151,108,51,223,108,58,39,144,53,33,23,85,27,20,10,26,10,5,1
-non_saturating-n_epochs-50-d_alpha-1,9,781,557,468,339,749,532,447,314,661,439,357,253,558,356,275,188,451,270,208,138,380,196,144,96,284,142,106,65,198,94,64,38,125,49,35,15,51,15,8,4
-non_saturating-n_epochs-50-d_alpha-1,10,825,647,532,413,806,622,512,401,736,529,440,336,660,434,364,258,553,350,280,180,456,257,202,116,378,190,137,71,278,115,70,34,167,54,28,9,62,14,6,0
-non_saturating-n_epochs-50-d_alpha-1.5,9,694,495,397,291,662,463,374,282,578,388,320,240,485,307,251,178,389,244,187,130,317,178,143,101,235,139,102,63,186,86,66,29,124,42,25,13,46,12,6,2
-non_saturating-n_epochs-50-d_alpha-3,9,799,607,519,383,769,567,485,341,687,477,379,251,584,363,281,181,467,262,204,130,387,192,152,83,279,134,89,53,193,81,56,34,121,42,28,15,46,15,10,1
-non_saturating-n_epochs-50-d_alpha-2,9,821,669,574,433,781,612,511,388,674,486,398,281,567,372,287,186,446,255,188,107,335,168,119,62,249,113,64,30,171,50,33,10,79,15,9,1,17,2,1,0
-non_saturating-n_epochs-50-d_alpha-3,8,374,264,214,164,329,237,193,147,259,167,143,114,184,127,110,86,152,96,78,58,112,68,58,32,77,47,31,18,48,19,12,6,23,8,2,0,2,0,0,0
-non_saturating-n_epochs-50-d_alpha-2,10,745,531,428,309,673,481,385,281,554,355,284,206,424,270,203,130,324,188,135,81,240,123,80,44,173,74,42,25,106,36,25,12,57,17,8,2,16,3,1,0
-non_saturating-n_epochs-50-d_alpha-3,10,458,295,237,183,371,232,192,143,256,164,130,100,177,110,96,59,128,76,53,40,88,46,41,24,60,32,23,14,40,18,13,7,22,6,3,1,8,0,0,0
-non_saturating-n_epochs-50-d_alpha-1,11,670,454,361,248,617,411,325,230,508,329,249,171,388,231,173,115,290,161,123,85,206,108,84,53,137,71,53,38,88,48,35,23,56,25,17,7,24,8,4,0
-non_saturating-n_epochs-50-d_alpha-1.5,10,703,505,421,310,669,474,388,287,566,383,316,226,463,303,245,165,384,233,173,112,299,165,119,83,235,114,82,45,160,67,53,29,80,42,26,11,30,7,6,3
-non_saturating-n_epochs-50-d_alpha-1.2,11,13,12,11,11,13,11,11,9,9,9,8,6,6,6,6,4,4,3,2,2,2,2,1,1,1,0,0,0,0,0,0,0,0,0,0,0,0,0,0,0
-non_saturating-n_epochs-50-d_alpha-1.2,9,584,388,323,240,553,368,308,233,480,314,262,188,406,258,207,147,335,203,154,109,274,158,115,94,210,120,98,74,148,93,76,47,108,61,47,28,64,28,23,11
-non_saturating-n_epochs-50-d_alpha-1.2,10,64,51,44,41,19,13,11,10,8,4,3,2,4,1,0,0,0,0,0,0,0,0,0,0,0,0,0,0,0,0,0,0,0,0,0,0,0,0,0,0
-non_saturating-n_epochs-50-d_alpha-1.5,11,721,557,468,358,700,530,450,339,630,454,384,285,562,375,311,212,470,304,235,140,386,229,160,96,305,154,110,67,224,102,72,40,143,61,38,26,74,24,16,11
-non_saturating-n_epochs-50-d_alpha-2,11,549,380,306,221,465,321,256,190,344,225,174,127,253,144,111,75,169,96,70,45,115,58,48,28,75,35,27,15,41,20,13,9,16,4,4,2,2,1,1,0
-non_saturating-n_epochs-50-d_alpha-1.2,12,738,554,459,325,699,515,422,296,606,410,332,230,495,306,235,164,381,215,167,117,292,162,121,71,222,110,76,45,161,65,44,21,86,30,19,9,29,14,6,3
-non_saturating-n_epochs-50-d_alpha-1,13,861,680,575,430,834,654,542,403,758,556,448,328,652,436,341,247,545,327,259,169,446,252,184,103,354,178,116,56,248,111,60,32,151,48,31,10,64,12,6,3
-non_saturating-n_epochs-50-d_alpha-2,12,886,692,582,421,845,637,534,379,737,520,408,271,623,384,290,161,490,259,174,95,380,164,95,43,252,92,53,21,149,41,21,11,63,14,9,3,14,5,1,0
-non_saturating-n_epochs-50-d_alpha-3,12,648,462,382,289,619,428,367,269,528,344,287,214,429,271,217,154,341,202,163,116,263,152,116,77,202,100,77,44,147,63,42,22,80,26,15,7,29,6,3,2
-non_saturating-n_epochs-50-d_alpha-1,12,818,625,519,371,799,601,490,359,738,510,416,302,642,411,339,232,527,335,260,170,430,261,191,121,361,197,139,85,260,129,86,54,159,70,49,20,79,29,9,5
-non_saturating-n_epochs-50-d_alpha-1.5,13,658,459,383,292,620,434,362,275,524,358,302,206,420,283,216,160,337,212,165,113,264,155,119,79,204,117,77,55,147,73,49,28,85,35,21,13,30,9,7,2
-non_saturating-n_epochs-50-d_alpha-3,11,377,243,197,151,307,199,161,129,217,139,112,85,156,94,74,56,108,63,49,32,65,40,28,20,47,21,17,12,26,13,9,6,10,4,4,3,4,1,1,1
-non_saturating-n_epochs-50-d_alpha-1,14,754,554,440,317,740,529,422,301,664,443,346,244,551,350,268,188,443,259,201,142,354,194,153,98,262,146,107,71,197,96,77,45,130,53,39,16,46,13,6,2
-non_saturating-n_epochs-50-d_alpha-2,13,782,585,496,379,751,553,471,354,665,475,390,290,574,379,301,191,468,288,203,146,373,203,153,90,273,141,100,56,187,94,55,22,116,42,21,5,54,6,3,0
-non_saturating-n_epochs-50-d_alpha-1.5,12,217,130,113,79,158,109,86,58,109,62,49,34,66,38,30,27,43,29,25,19,31,20,18,17,24,17,14,10,17,9,7,5,8,4,4,4,3,2,2,0
-non_saturating-n_epochs-50-d_alpha-3,13,271,186,158,121,228,159,131,103,162,113,93,78,117,84,72,63,88,67,53,42,73,45,36,29,52,33,26,18,32,18,16,10,19,10,9,6,8,1,1,1
-non_saturating-n_epochs-50-d_alpha-1.5,14,807,585,465,330,773,538,433,308,653,425,336,247,524,317,261,166,408,230,169,116,315,158,120,72,242,114,76,45,152,66,47,30,85,32,22,12,29,12,6,2
-non_saturating-n_epochs-50-d_alpha-3,14,447,295,246,191,357,245,206,162,273,181,153,111,202,128,98,68,143,80,63,42,105,52,40,20,65,29,16,10,38,13,9,8,21,7,4,3,8,1,0,0
-non_saturating-n_epochs-50-d_alpha-1.2,13,775,600,509,380,751,564,476,354,665,471,391,271,555,373,296,202,455,285,214,126,366,200,135,84,272,129,85,47,179,78,45,26,113,35,23,8,41,11,6,3
-non_saturating-n_epochs-50-d_alpha-1,15,876,702,599,474,866,678,580,455,811,606,514,394,724,519,427,325,633,434,352,237,550,355,279,169,465,274,196,104,382,178,117,57,262,102,64,27,118,33,18,7
-non_saturating-n_epochs-50-d_alpha-2,14,825,616,499,360,793,573,474,337,696,477,376,266,576,367,278,186,457,275,199,133,382,193,134,85,292,133,88,52,201,81,52,24,115,43,21,8,50,10,4,1
-non_saturating-n_epochs-50-d_alpha-1.2,14,619,409,335,269,581,394,323,257,498,338,284,220,412,288,232,180,343,221,186,140,282,179,142,105,220,135,104,67,163,96,64,35,106,45,34,17,52,17,13,6
-non_saturating-n_epochs-50-d_alpha-1.5,15,671,467,391,284,630,443,380,272,543,379,307,228,458,314,258,182,383,241,185,135,321,183,137,90,247,135,99,67,183,90,64,39,121,56,40,23,60,16,9,2
-non_saturating-n_epochs-50-d_alpha-1.2,15,812,603,505,355,786,582,487,335,697,509,399,279,612,399,310,215,506,314,243,163,422,235,173,118,327,166,128,74,241,114,77,49,157,68,45,20,83,22,14,1
-non_saturating-n_epochs-50-d_alpha-2,15,751,549,461,335,703,506,418,308,590,392,321,230,471,303,238,169,384,231,176,110,301,163,109,60,236,94,65,33,143,57,27,12,68,21,9,4,27,3,2,0
-non_saturating-n_epochs-50-d_alpha-3,15,395,259,208,147,275,177,135,97,168,88,69,55,95,51,42,34,58,32,26,19,35,21,16,11,19,11,9,6,14,6,6,4,11,4,3,1,1,1,1,1
-non_saturating-n_epochs-50-d_alpha-1.2,16,683,497,416,308,643,470,386,289,556,397,333,243,467,324,257,191,380,255,199,142,319,189,146,106,242,141,112,68,182,99,70,44,132,56,42,25,55,20,13,6
-non_saturating-n_epochs-50-d_alpha-2,16,815,648,533,401,791,631,516,386,733,540,441,323,652,445,344,232,554,343,263,164,446,260,184,116,356,176,127,79,265,121,86,44,182,65,40,18,87,19,9,3
-non_saturating-n_epochs-50-d_alpha-3,16,758,550,470,336,720,516,438,303,636,435,343,245,533,342,264,186,429,253,189,136,346,188,148,95,276,139,108,70,194,100,73,40,134,63,41,15,68,21,10,4
-non_saturating-n_epochs-50-d_alpha-1.2,17,749,549,449,312,714,515,417,291,621,421,325,240,522,327,251,187,422,249,200,132,331,187,150,93,252,147,102,52,188,94,55,32,122,46,30,19,58,19,13,9
-non_saturating-n_epochs-50-d_alpha-1,16,1,1,1,1,1,1,1,1,1,1,1,1,1,1,1,1,1,1,1,1,1,1,1,1,1,1,1,1,1,1,1,1,0,0,0,0,0,0,0,0
-non_saturating-n_epochs-50-d_alpha-1.5,16,776,623,537,405,746,584,500,371,669,490,394,275,588,377,300,194,464,277,205,130,360,193,132,80,259,115,81,45,182,71,41,26,99,33,24,9,34,10,7,2
-non_saturating-n_epochs-50-d_alpha-1.5,17,782,595,518,367,753,574,492,351,666,498,394,282,566,387,307,220,468,292,229,159,379,232,180,101,299,164,117,59,217,107,61,34,145,49,25,10,62,11,5,0
-non_saturating-n_epochs-50-d_alpha-1,17,671,476,388,282,647,454,364,257,549,378,298,193,456,278,201,144,351,199,147,103,271,147,110,79,190,106,77,51,137,71,51,26,79,35,24,13,33,9,3,0
-non_saturating-n_epochs-50-d_alpha-2,17,719,475,382,264,698,456,362,254,610,390,304,195,506,302,227,146,411,218,165,107,315,152,114,83,224,112,88,67,170,89,73,53,114,63,50,27,57,25,17,4
-non_saturating-n_epochs-50-d_alpha-1,18,856,657,550,399,836,635,526,382,761,544,439,313,657,436,351,234,546,349,267,162,452,259,190,102,348,184,120,66,263,105,74,34,167,61,33,14,79,13,4,0
-non_saturating-n_epochs-50-d_alpha-1,19,57,49,44,38,17,15,14,13,9,6,6,4,2,2,2,0,0,0,0,0,0,0,0,0,0,0,0,0,0,0,0,0,0,0,0,0,0,0,0,0
-non_saturating-n_epochs-50-d_alpha-3,17,442,280,225,162,373,222,179,135,242,157,127,84,168,105,79,55,127,68,54,37,87,46,36,26,52,32,24,21,34,23,18,15,27,15,12,10,11,5,3,3
-non_saturating-n_epochs-50-d_alpha-3,18,797,587,482,342,761,547,437,314,664,445,334,234,538,329,253,161,411,246,185,107,322,172,113,64,251,108,71,41,163,63,40,21,92,27,18,8,32,11,9,3
-non_saturating-n_epochs-50-d_alpha-2,18,889,725,619,459,865,702,589,437,797,609,505,350,717,500,381,253,624,385,277,179,509,285,198,115,408,193,140,59,298,126,77,24,189,49,23,6,73,7,3,1
-non_saturating-n_epochs-50-d_alpha-1.2,18,893,716,617,455,880,697,588,426,811,592,488,342,709,472,373,251,606,377,277,167,499,271,187,97,378,180,111,48,274,102,52,22,158,32,15,6,46,6,4,1
-non_saturating-n_epochs-50-d_alpha-1.2,19,8,6,6,5,3,3,3,2,1,1,1,1,0,0,0,0,0,0,0,0,0,0,0,0,0,0,0,0,0,0,0,0,0,0,0,0,0,0,0,0
-non_saturating-n_epochs-50-d_alpha-1.5,19,816,647,561,425,787,627,528,401,707,536,433,317,624,425,349,242,516,326,254,161,419,259,177,102,340,175,119,65,249,106,76,29,162,54,28,8,58,13,7,2
-non_saturating-n_epochs-50-d_alpha-2,19,800,619,519,369,769,577,474,348,669,482,384,262,564,383,285,197,447,276,206,134,365,193,142,91,282,136,97,56,184,86,54,26,110,41,22,10,40,8,4,2
-non_saturating-n_epochs-50-d_alpha-3,19,436,328,288,210,376,267,233,175,288,198,154,112,204,128,101,75,147,91,72,43,103,57,38,28,68,31,23,17,38,20,16,7,23,7,4,3,3,1,1,0
-non_saturating-n_epochs-50-d_alpha-1,20,32,27,23,19,31,26,22,17,24,19,16,13,17,11,10,9,9,8,8,7,8,5,5,5,4,4,3,3,2,2,2,1,1,0,0,0,0,0,0,0
-non_saturating-n_epochs-50-d_alpha-1.2,20,843,660,555,407,826,631,539,382,744,532,436,309,624,420,332,234,510,318,238,151,414,232,169,98,322,157,105,46,224,93,52,27,135,46,25,12,59,15,7,3
-non_saturating-n_epochs-50-d_alpha-3,20,594,387,324,245,562,374,310,231,474,321,251,199,388,253,209,159,315,204,169,113,260,158,125,87,206,116,92,64,156,81,65,40,97,58,36,18,46,16,6,1
-non_saturating-n_epochs-50-d_alpha-1.5,18,838,636,533,391,810,607,510,373,735,522,425,310,636,420,349,234,519,328,263,163,438,263,189,112,347,183,126,78,251,121,85,43,166,62,33,13,81,23,9,2
-non_saturating-n_epochs-50-d_alpha-1.5,20,712,522,423,330,677,485,407,315,589,412,350,260,505,339,281,196,416,258,208,121,333,183,134,78,243,132,91,44,170,79,43,19,116,30,13,8,37,8,4,3
-non_saturating-n_epochs-50-d_alpha-2,20,710,511,432,324,684,487,407,308,588,424,347,244,500,332,261,178,401,241,196,126,311,179,135,84,248,128,96,56,178,83,49,24,105,36,20,12,41,13,8,5
-non_saturating-n_epochs-50-d_alpha-3,22,444,295,237,168,346,228,182,138,225,147,122,86,150,92,75,52,113,60,45,32,64,35,23,17,39,18,13,10,15,10,8,5,9,5,5,3,4,0,0,0
-non_saturating-n_epochs-50-d_alpha-1.5,23,801,594,486,370,773,563,477,359,696,487,411,291,585,407,326,217,490,309,239,160,387,232,171,105,310,166,118,77,216,111,83,52,145,72,47,18,74,20,10,1
-non_saturating-n_epochs-50-d_alpha-1.2,23,654,488,419,328,630,468,408,317,550,402,338,252,454,321,263,184,395,249,194,130,309,186,134,76,231,124,81,45,169,74,41,21,97,27,16,9,32,7,3,2
-non_saturating-n_epochs-50-d_alpha-1.5,21,784,600,502,383,757,572,481,363,688,495,412,302,590,406,329,227,496,315,244,162,410,239,175,106,334,169,115,71,248,108,67,31,156,47,27,11,49,13,7,2
-non_saturating-n_epochs-50-d_alpha-1.2,21,874,682,578,439,846,649,563,424,780,581,489,358,685,476,393,272,590,388,291,191,485,288,215,115,382,212,130,67,290,124,78,32,186,60,26,14,77,13,8,3
-non_saturating-n_epochs-50-d_alpha-2,22,642,462,376,277,621,439,357,266,531,370,300,216,449,302,237,167,384,234,178,128,307,175,136,90,240,128,90,55,174,85,63,36,104,47,34,24,48,21,14,5
-non_saturating-n_epochs-50-d_alpha-2,21,495,353,285,215,406,283,231,170,302,180,150,108,206,118,96,57,143,73,54,32,92,40,26,16,48,21,13,9,26,8,6,3,12,1,1,1,0,0,0,0
-non_saturating-n_epochs-50-d_alpha-1.2,22,703,519,430,312,679,494,412,297,610,425,347,245,515,343,260,195,414,243,202,142,334,184,143,99,254,134,100,64,186,91,64,34,121,48,25,15,43,15,8,3
-non_saturating-n_epochs-50-d_alpha-1.5,22,800,589,497,364,758,558,464,339,665,463,378,274,561,374,291,200,464,289,217,146,376,208,153,97,282,141,106,56,208,90,55,29,128,44,27,10,52,13,6,1
-non_saturating-n_epochs-50-d_alpha-3,21,341,217,174,132,285,181,154,111,210,131,109,83,140,91,76,62,100,68,58,40,78,44,34,20,47,25,17,9,27,11,7,4,12,3,2,2,2,1,1,0
-non_saturating-n_epochs-50-d_alpha-3,23,721,508,419,311,670,464,383,287,552,369,303,211,453,282,221,152,355,206,156,100,278,143,101,67,206,100,67,37,133,63,39,14,81,27,13,4,22,4,2,1
-non_saturating-n_epochs-50-d_alpha-2,23,769,576,471,340,733,540,447,320,631,451,354,249,529,341,256,180,435,242,188,118,325,174,131,81,229,121,88,41,160,68,42,23,98,31,19,8,35,11,5,2
-non_saturating-n_epochs-50-d_alpha-1.5,24,82,56,47,37,40,32,27,23,23,15,12,10,11,8,6,6,8,6,5,4,6,4,4,4,4,2,2,2,2,1,0,0,0,0,0,0,0,0,0,0
-non_saturating-n_epochs-50-d_alpha-2,24,854,656,534,372,833,625,498,349,739,521,402,278,632,408,311,212,525,308,230,153,429,226,171,103,327,164,115,68,237,110,75,43,154,60,39,13,66,17,8,2
-non_saturating-n_epochs-50-d_alpha-1.2,24,764,572,471,350,739,546,447,339,655,461,379,272,576,376,302,211,474,299,235,151,380,217,168,106,304,161,122,65,211,113,73,36,142,50,34,15,58,17,11,4
-non_saturating-n_epochs-50-d_alpha-1.2,25,647,441,350,263,615,408,333,251,498,329,271,207,409,260,215,155,323,211,169,109,257,159,120,82,202,109,81,50,143,66,51,28,85,38,26,13,38,8,7,4
-non_saturating-n_epochs-50-d_alpha-2,25,703,502,423,306,676,471,384,283,568,391,308,240,470,306,254,183,390,243,193,115,308,174,122,76,235,122,89,42,160,66,41,19,87,32,19,9,32,8,5,2
-non_saturating-n_epochs-50-d_alpha-3,24,769,573,478,331,738,545,446,310,651,439,349,250,533,342,270,190,425,261,193,134,336,190,143,91,260,135,87,54,193,86,55,21,118,32,17,4,39,3,1,0
-non_saturating-n_epochs-50-d_alpha-1.5,25,116,76,61,52,89,56,50,44,48,36,34,30,31,23,19,12,18,8,7,6,6,5,3,1,2,1,1,1,1,0,0,0,0,0,0,0,0,0,0,0
-non_saturating-n_epochs-50-d_alpha-3,27,643,440,341,249,555,356,291,202,420,257,186,125,307,154,124,78,222,110,81,49,140,72,41,24,90,35,19,12,47,13,10,4,23,6,1,0,3,0,0,0
-non_saturating-n_epochs-50-d_alpha-1.5,27,767,539,439,309,748,515,429,299,670,452,373,260,574,360,280,188,463,276,210,142,364,208,150,105,272,145,114,80,200,109,84,56,144,71,42,26,69,22,12,4
-non_saturating-n_epochs-50-d_alpha-1.2,28,763,555,445,313,712,510,406,293,600,395,301,220,473,282,236,148,361,213,156,105,280,142,104,71,183,99,76,42,128,65,44,18,76,28,16,6,26,6,2,1
-non_saturating-n_epochs-50-d_alpha-1.5,26,756,548,461,310,716,514,426,284,593,399,307,202,458,291,214,137,355,205,137,86,278,125,90,61,196,85,62,30,140,45,25,15,62,18,13,6,16,3,1,0
-non_saturating-n_epochs-50-d_alpha-1.2,26,810,604,508,366,772,565,479,332,670,453,375,257,547,346,264,177,426,252,193,128,319,184,135,72,242,123,77,36,166,68,42,17,98,25,14,7,30,4,2,0
-non_saturating-n_epochs-50-d_alpha-2,26,112,72,62,42,91,61,50,37,63,40,35,25,39,29,24,18,32,18,17,15,21,15,14,12,17,12,10,9,11,9,7,5,6,4,4,4,4,2,2,2
-non_saturating-n_epochs-50-d_alpha-3,26,411,263,214,144,348,219,174,126,235,146,111,78,168,95,66,51,111,59,46,30,63,38,28,16,38,22,15,10,24,11,11,5,10,6,5,3,4,1,1,1
-non_saturating-n_epochs-50-d_alpha-1.2,27,624,449,383,271,598,422,358,260,508,351,293,216,426,283,227,159,347,213,165,123,263,159,121,89,215,116,89,48,164,79,50,28,90,40,25,15,42,14,9,2
-non_saturating-n_epochs-50-d_alpha-3,25,449,295,235,177,335,201,168,119,195,121,100,67,120,78,58,33,75,39,29,22,39,26,18,11,26,15,9,5,13,7,5,3,6,2,2,0,0,0,0,0
-non_saturating-n_epochs-50-d_alpha-2,27,705,497,407,284,677,472,390,275,582,396,311,221,487,313,242,169,383,223,175,118,307,168,121,77,229,110,80,50,162,71,54,29,99,45,29,17,44,16,11,7
-non_saturating-n_epochs-50-d_alpha-1.5,28,795,560,463,317,760,532,432,305,685,445,351,256,573,358,286,209,471,280,226,156,370,223,167,98,284,168,112,71,214,98,60,34,143,55,33,9,47,11,3,1
-non_saturating-n_epochs-50-d_alpha-2,28,666,478,391,290,642,450,375,281,551,389,316,231,471,315,256,176,399,251,194,130,327,195,143,95,271,137,110,62,200,94,68,37,137,59,33,19,55,15,10,4
-non_saturating-n_epochs-50-d_alpha-3,28,873,709,608,450,840,661,561,395,760,551,439,298,660,430,321,198,543,309,221,118,413,213,137,71,312,129,77,40,217,68,38,18,121,34,18,6,48,5,2,0
-non_saturating-n_epochs-50-d_alpha-1.5,29,701,512,437,319,676,491,422,306,593,428,347,255,502,347,276,189,417,279,211,151,352,217,167,107,288,161,113,65,213,104,74,44,140,63,40,20,65,22,17,10
-non_saturating-n_epochs-50-d_alpha-1.2,29,836,650,521,393,817,617,497,377,727,507,412,293,640,415,324,225,534,312,243,159,429,234,179,111,334,170,126,72,248,122,78,39,171,58,32,17,76,21,6,1
-non_saturating-n_epochs-50-d_alpha-2,29,740,524,414,300,700,492,394,282,623,406,322,233,510,320,248,175,404,250,189,127,320,185,138,88,250,131,97,66,187,95,65,29,116,49,26,17,52,14,5,2
-non_saturating-n_epochs-50-d_alpha-3,29,718,550,457,318,694,528,428,302,621,438,345,251,516,324,265,200,424,259,208,140,334,206,155,100,272,151,110,64,197,103,67,38,122,52,35,14,55,16,7,1
-non_saturating-n_epochs-50-d_alpha-1.2,30,862,687,575,401,843,651,547,371,772,553,430,298,671,427,320,234,547,327,247,178,433,248,194,126,336,181,136,69,249,117,75,32,158,50,24,9,55,9,5,2
-non_saturating-n_epochs-50-d_alpha-2,30,647,430,329,228,570,356,279,199,430,260,202,146,329,182,146,99,234,132,97,55,170,83,64,38,128,56,37,27,85,33,29,19,45,24,19,8,19,5,3,0
-non_saturating-n_epochs-50-d_alpha-1.5,30,809,563,463,332,796,551,450,324,715,487,406,284,625,410,341,232,538,347,276,179,464,281,220,140,386,215,155,99,296,163,114,72,225,103,76,44,109,53,28,13
-non_saturating-n_epochs-50-d_alpha-2,32,790,599,490,352,749,564,443,313,645,429,345,231,524,325,239,170,412,229,168,118,314,162,120,78,241,114,88,53,163,79,61,28,108,42,22,5,38,6,1,0
-non_saturating-n_epochs-50-d_alpha-3,32,655,463,379,263,611,425,354,233,511,340,259,189,412,242,188,132,327,172,136,96,232,127,101,66,165,90,63,41,112,59,41,29,70,31,17,7,24,7,2,0
-non_saturating-n_epochs-50-d_alpha-1.2,33,167,125,111,90,147,110,96,76,111,78,69,53,77,55,45,35,64,40,32,27,45,25,22,21,31,19,16,13,21,10,9,7,9,5,2,1,3,0,0,0
-non_saturating-n_epochs-50-d_alpha-3,30,371,243,211,166,296,200,173,128,211,135,110,78,147,91,70,47,100,57,39,34,70,39,31,22,45,26,17,11,23,12,9,6,12,5,4,3,4,0,0,0
-non_saturating-n_epochs-50-d_alpha-3,33,727,548,472,358,683,506,426,320,599,400,326,231,491,305,237,159,389,224,165,104,299,153,109,69,222,102,63,29,145,61,33,12,81,14,9,1,18,2,0,0
-non_saturating-n_epochs-50-d_alpha-1.5,33,795,598,521,404,756,576,487,371,665,487,404,305,571,387,319,230,468,306,239,170,389,229,186,102,306,168,121,57,224,100,62,31,139,55,32,15,60,19,9,6
-non_saturating-n_epochs-50-d_alpha-2,33,902,735,648,491,877,701,609,460,806,618,515,378,719,514,416,291,618,404,311,192,521,301,219,107,404,203,125,55,290,120,66,23,180,52,30,8,71,12,6,4
-non_saturating-n_epochs-50-d_alpha-1.5,31,682,493,396,301,643,443,376,286,554,371,314,223,455,309,248,174,368,232,177,126,304,179,138,88,235,118,86,52,161,82,52,24,100,28,16,3,32,4,1,0
-non_saturating-n_epochs-50-d_alpha-1.2,31,763,597,492,369,743,567,458,339,675,474,377,259,565,354,274,188,443,260,195,125,352,190,141,82,261,127,89,53,184,80,54,27,98,35,18,5,28,6,2,0
-non_saturating-n_epochs-50-d_alpha-2,31,727,500,395,267,683,448,346,242,544,343,260,178,419,242,181,125,315,171,134,93,241,117,97,66,175,86,64,45,124,60,45,26,84,36,24,15,32,18,11,8
-non_saturating-n_epochs-50-d_alpha-1.5,32,707,499,397,272,644,458,363,248,543,356,259,177,428,230,184,123,326,162,125,90,233,114,90,63,154,87,68,35,111,57,36,21,64,28,22,14,25,13,10,6
-non_saturating-n_epochs-50-d_alpha-1.2,34,735,538,451,334,705,512,425,314,614,432,360,240,516,336,269,174,425,251,189,125,346,188,138,89,271,136,97,53,188,90,62,28,116,45,26,13,40,12,9,4
-non_saturating-n_epochs-50-d_alpha-1.2,32,834,631,522,379,800,595,479,345,698,471,372,255,568,353,267,181,453,257,194,117,340,183,131,72,250,117,77,39,175,77,44,22,100,34,21,14,32,14,10,6
-non_saturating-n_epochs-50-d_alpha-3,31,226,152,127,103,163,122,110,87,118,82,78,57,81,54,42,28,50,32,24,20,36,20,19,12,20,13,11,7,13,7,4,2,3,2,1,1,1,0,0,0
-non_saturating-n_epochs-50-d_alpha-2,34,676,470,392,292,626,446,369,275,540,358,298,220,439,276,232,164,338,222,169,108,255,158,106,70,197,105,73,43,139,65,47,30,84,34,27,13,30,14,6,3
-non_saturating-n_epochs-50-d_alpha-1.5,34,741,555,451,318,720,535,432,306,636,446,362,269,527,345,289,205,441,284,218,154,362,219,171,112,290,165,126,74,218,116,81,39,149,63,38,9,58,12,4,1
-non_saturating-n_epochs-50-d_alpha-3,34,595,396,311,206,451,288,217,152,304,174,144,91,200,110,83,56,142,69,53,36,94,47,32,25,63,30,25,16,36,18,15,11,21,10,9,4,13,4,2,2
-non_saturating-n_epochs-50-d_alpha-2,35,800,591,483,353,776,562,462,333,668,462,378,264,572,374,290,200,487,287,220,135,396,207,148,102,297,141,103,62,222,97,64,34,140,53,32,15,64,19,7,3
-non_saturating-n_epochs-50-d_alpha-1.5,35,842,653,536,401,816,620,514,381,718,515,420,316,630,429,342,236,525,323,250,170,428,241,184,97,339,168,110,63,260,104,72,33,146,61,34,15,65,19,11,5
-non_saturating-n_epochs-50-d_alpha-1.2,35,45,32,29,23,35,26,25,19,21,14,12,12,13,10,9,8,8,7,7,6,6,6,5,5,5,4,4,4,3,1,1,1,1,1,1,1,1,1,1,1
-non_saturating-n_epochs-50-d_alpha-1.2,36,679,494,429,350,633,463,403,327,527,388,327,251,446,317,251,185,370,233,186,123,280,172,128,82,204,115,86,40,140,64,41,18,72,25,14,5,18,5,4,0
-non_saturating-n_epochs-50-d_alpha-1.5,36,656,451,368,261,633,428,340,253,547,349,280,194,437,272,212,151,353,204,159,105,280,158,118,83,223,120,87,57,159,85,61,37,100,53,40,22,55,22,16,7
-non_saturating-n_epochs-50-d_alpha-2,36,700,526,446,351,680,500,434,341,618,438,381,293,532,375,322,230,458,311,260,176,379,255,190,129,314,183,141,80,249,140,95,55,176,78,47,23,87,21,14,8
-non_saturating-n_epochs-50-d_alpha-3,37,853,650,539,369,823,607,496,337,714,497,388,252,613,383,279,187,506,280,205,125,403,202,135,88,307,138,96,56,217,82,61,32,123,50,29,14,51,11,8,6
-non_saturating-n_epochs-50-d_alpha-3,35,393,272,223,165,305,193,165,132,196,130,105,79,127,78,65,45,91,53,39,24,64,32,22,11,32,16,12,7,14,5,4,3,6,2,2,0,2,0,0,0
-non_saturating-n_epochs-50-d_alpha-3,36,817,646,546,407,773,599,495,362,688,478,387,285,571,372,300,203,471,273,208,130,378,206,135,77,278,133,87,38,197,79,45,9,105,31,12,2,30,1,0,0
-non_saturating-n_epochs-50-d_alpha-2,37,666,477,402,304,632,454,379,286,550,382,315,224,447,301,234,167,371,223,171,125,287,167,133,84,215,125,93,47,162,76,53,35,94,39,30,19,36,15,10,3
-non_saturating-n_epochs-50-d_alpha-1.2,37,764,536,433,318,740,503,415,312,664,437,348,270,557,355,286,208,462,288,222,154,372,227,163,103,301,162,120,77,226,107,75,51,147,71,49,26,74,29,13,5
-non_saturating-n_epochs-50-d_alpha-1.2,38,214,147,112,86,106,59,47,35,42,21,14,14,16,10,9,7,9,4,3,1,2,0,0,0,0,0,0,0,0,0,0,0,0,0,0,0,0,0,0,0
-non_saturating-n_epochs-50-d_alpha-1.5,37,685,483,400,275,638,453,368,253,543,345,277,188,425,255,201,140,330,185,144,98,247,139,105,74,183,100,74,49,133,66,49,25,82,35,20,6,31,5,3,2
-non_saturating-n_epochs-50-d_alpha-1.5,38,743,558,466,330,706,519,436,307,606,413,335,251,505,319,261,171,401,237,182,107,312,162,121,72,219,115,71,36,155,71,39,22,105,31,20,8,33,8,3,1
-non_saturating-n_epochs-50-d_alpha-3,38,651,460,370,275,618,427,350,252,521,352,273,211,426,277,219,159,338,213,161,110,274,151,114,67,215,98,70,44,152,67,48,31,94,37,30,12,43,9,4,0
-non_saturating-n_epochs-50-d_alpha-2,38,730,537,444,318,695,511,423,301,621,426,337,249,498,321,257,181,413,240,188,125,332,177,126,76,250,121,80,45,168,75,45,21,107,28,14,5,30,4,1,0
-non_saturating-n_epochs-50-d_alpha-1.2,39,765,564,487,356,716,520,446,309,618,424,339,239,519,333,256,164,430,253,179,114,332,174,112,67,251,115,75,43,168,64,43,20,90,33,18,7,28,4,3,1
-non_saturating-n_epochs-50-d_alpha-3,39,745,573,474,358,723,543,448,338,650,459,375,271,550,368,292,212,443,281,222,157,360,209,165,101,269,153,109,50,204,96,56,21,133,40,22,6,46,7,3,1
-non_saturating-n_epochs-50-d_alpha-1.5,39,766,548,441,295,748,524,423,284,676,454,353,235,558,355,277,191,456,279,209,142,365,209,154,106,292,158,115,79,218,110,84,45,138,66,41,17,56,18,12,4
-non_saturating-n_epochs-50-d_alpha-2,39,599,372,297,204,558,348,269,185,445,269,207,141,345,198,143,107,264,144,109,83,195,105,85,60,140,81,58,44,103,53,45,31,75,36,29,19,36,12,7,5
-non_saturating-n_epochs-50-d_alpha-1.2,40,33,23,17,14,22,15,13,12,11,7,5,5,4,2,2,1,1,1,1,1,1,1,1,1,0,0,0,0,0,0,0,0,0,0,0,0,0,0,0,0
-non_saturating-n_epochs-50-d_alpha-1.5,40,692,476,382,272,652,447,353,250,543,343,266,203,439,256,210,141,339,190,148,91,248,135,94,55,180,90,63,38,129,55,38,29,71,33,26,11,27,7,5,3
-non_saturating-n_epochs-50-d_alpha-2,40,427,282,228,156,333,220,170,123,232,134,108,82,155,90,69,44,104,56,42,29,73,34,27,21,48,24,16,11,27,14,8,6,9,5,3,1,3,1,0,0
-non_saturating-n_epochs-50-d_alpha-3,40,614,421,358,258,587,405,333,243,505,336,266,207,430,260,214,153,340,199,160,116,270,158,119,77,201,115,81,54,158,75,55,36,99,45,29,16,41,11,3,0
-non_saturating-n_epochs-50-d_alpha-3,42,733,556,476,358,701,519,442,339,611,443,363,262,519,352,277,195,434,263,216,147,343,208,161,95,270,150,111,57,202,94,58,35,126,48,29,13,49,12,9,5
-non_saturating-n_epochs-50-d_alpha-1.2,43,631,493,399,292,610,470,375,273,548,374,305,217,457,295,229,162,363,216,164,123,283,161,126,82,204,124,87,57,141,79,48,32,81,32,21,3,21,4,0,0
-non_saturating-n_epochs-50-d_alpha-1.2,41,790,586,489,373,758,552,470,356,666,472,395,289,567,388,309,206,465,303,224,150,378,208,160,104,291,147,108,59,211,91,57,32,125,43,29,11,52,11,6,1
-non_saturating-n_epochs-50-d_alpha-1.5,43,798,585,476,330,780,569,460,323,703,482,385,276,615,386,307,221,517,310,245,170,418,253,183,117,344,178,134,80,257,125,83,49,171,71,46,26,72,28,17,5
-non_saturating-n_epochs-50-d_alpha-3,43,624,407,332,224,592,383,311,207,499,305,237,167,371,226,174,126,292,169,137,92,226,124,97,62,168,94,71,46,118,58,43,32,70,32,22,12,28,8,4,1
-non_saturating-n_epochs-50-d_alpha-2,41,743,546,439,327,703,515,423,306,618,421,350,246,518,338,266,179,426,257,193,121,343,174,131,78,242,125,86,49,171,77,55,27,109,44,24,9,34,7,4,1
-non_saturating-n_epochs-50-d_alpha-1.2,44,706,544,445,347,673,503,412,326,585,414,353,259,494,331,259,184,393,238,191,119,306,170,134,82,225,127,88,47,157,78,47,23,95,35,19,12,29,12,9,5
-non_saturating-n_epochs-50-d_alpha-3,41,587,414,341,240,515,358,287,199,383,235,187,129,276,153,122,88,196,106,83,55,146,75,54,32,101,47,31,18,66,24,19,10,38,12,7,6,14,1,1,1
-non_saturating-n_epochs-50-d_alpha-2,43,796,595,481,353,765,566,455,334,672,470,380,251,560,368,273,184,444,263,188,118,350,194,139,79,257,130,85,54,190,75,52,33,115,46,31,12,48,12,7,1
-non_saturating-n_epochs-50-d_alpha-1.2,42,881,693,591,422,859,666,560,400,786,566,458,328,663,441,358,250,553,346,267,187,441,265,188,111,361,187,126,63,263,118,67,32,160,52,30,12,70,17,7,2
-non_saturating-n_epochs-50-d_alpha-1.5,41,135,91,78,65,72,50,46,38,36,25,20,13,15,10,9,8,9,8,7,6,7,3,2,2,2,1,1,1,1,0,0,0,0,0,0,0,0,0,0,0
-non_saturating-n_epochs-50-d_alpha-1.5,42,829,656,554,408,783,605,505,362,674,494,382,264,582,358,270,182,466,252,185,125,330,171,127,73,249,121,74,42,172,73,46,21,86,33,20,11,36,11,4,2
-non_saturating-n_epochs-50-d_alpha-2,42,777,605,510,381,740,552,467,349,640,444,360,260,518,341,265,181,417,252,182,113,307,169,114,73,225,105,73,43,153,57,36,22,75,27,13,5,25,4,0,0
-non_saturating-n_epochs-50-d_alpha-1.5,44,786,594,502,393,770,574,479,372,695,496,414,316,609,423,354,250,533,354,274,173,444,270,201,123,361,198,140,77,278,140,83,43,190,74,39,14,88,16,5,1
-non_saturating-n_epochs-50-d_alpha-2,44,739,550,468,336,648,479,383,281,516,347,270,181,385,236,180,101,283,149,103,54,197,85,54,31,131,48,27,17,76,19,14,6,34,10,4,1,9,1,0,0
-non_saturating-n_epochs-50-d_alpha-3,44,857,687,578,436,829,648,543,385,733,526,417,270,614,392,287,179,509,275,190,117,393,170,124,74,288,113,75,41,175,70,39,22,100,33,20,10,38,13,7,2
-non_saturating-n_epochs-50-d_alpha-1.2,45,721,545,460,342,696,507,429,320,612,431,347,243,521,334,261,180,413,250,190,129,316,180,134,83,241,121,85,43,166,72,42,21,97,32,22,9,29,7,5,1
-non_saturating-n_epochs-50-d_alpha-1.5,45,725,510,417,319,713,491,406,312,639,437,355,271,550,367,301,231,459,305,256,186,390,267,215,137,330,218,155,100,264,146,112,68,203,91,62,31,107,35,22,11
-non_saturating-n_epochs-50-d_alpha-2,45,805,578,477,346,766,544,442,320,658,436,352,251,547,334,268,186,439,246,185,123,334,171,128,75,248,124,80,42,167,67,44,21,93,30,16,8,30,8,5,4
-non_saturating-n_epochs-50-d_alpha-1.5,46,610,462,389,300,589,438,366,288,511,368,304,240,425,295,246,182,356,239,187,124,290,176,126,78,216,110,84,49,156,71,47,28,90,35,21,12,28,11,5,1
-non_saturating-n_epochs-50-d_alpha-3,46,783,587,461,335,748,549,434,317,654,458,346,244,556,343,264,185,428,255,191,117,335,182,135,81,254,126,85,49,169,79,52,26,104,35,24,7,39,9,5,3
-non_saturating-n_epochs-50-d_alpha-1.2,46,784,586,487,357,731,538,439,332,623,423,348,247,493,328,253,180,401,239,189,131,318,172,131,76,233,123,83,42,162,72,43,22,87,28,17,4,27,6,2,0
-non_saturating-n_epochs-50-d_alpha-2,47,612,448,389,283,579,430,373,267,515,380,301,232,436,299,242,179,361,234,183,124,282,163,128,86,204,118,84,55,144,68,52,39,89,41,28,15,38,12,5,2
-non_saturating-n_epochs-50-d_alpha-2,46,696,544,461,339,665,505,417,306,578,398,323,226,465,294,229,161,375,215,169,105,277,151,105,57,193,87,54,31,126,45,26,16,57,18,14,4,14,3,2,0
-non_saturating-n_epochs-50-d_alpha-3,45,753,567,454,326,732,521,431,296,630,431,339,229,531,326,244,164,418,234,180,117,338,162,122,75,253,111,75,48,169,73,48,25,97,41,21,6,41,7,3,1
-non_saturating-n_epochs-50-d_alpha-1.2,47,763,564,445,332,731,527,420,300,639,425,353,241,521,343,268,175,437,261,191,120,339,179,139,82,264,127,90,62,191,81,59,42,113,50,36,26,48,26,17,7
-non_saturating-n_epochs-50-d_alpha-3,48,704,513,424,302,679,485,406,289,594,413,333,235,511,330,256,179,421,254,198,133,335,193,143,98,265,143,105,65,188,90,68,38,120,52,36,14,47,17,8,2
-non_saturating-n_epochs-50-d_alpha-1.2,49,702,502,412,299,655,464,379,279,552,376,297,209,456,289,215,137,353,208,137,95,269,130,101,62,190,95,63,41,130,61,40,26,84,31,23,12,36,12,8,2
-non_saturating-n_epochs-50-d_alpha-1.5,47,847,634,529,352,825,605,501,334,732,510,403,274,621,404,315,194,509,305,216,138,406,217,161,105,326,155,113,67,236,106,75,42,141,63,44,20,76,20,12,2
-non_saturating-n_epochs-50-d_alpha-1.5,49,835,636,535,390,796,584,506,361,692,493,396,280,586,374,286,197,471,278,215,138,366,203,149,90,273,147,90,51,190,89,56,26,133,41,25,8,47,6,3,0
-non_saturating-n_epochs-50-d_alpha-3,47,870,676,558,411,841,620,509,379,731,503,404,286,626,398,306,206,511,293,213,128,417,204,140,78,306,127,83,34,199,71,39,10,102,25,8,3,43,1,0,0
-non_saturating-n_epochs-50-d_alpha-2,49,745,552,458,312,688,494,391,269,573,380,281,189,452,272,199,139,351,180,144,99,249,128,97,56,174,89,56,31,108,54,33,21,61,25,15,5,21,5,1,1
-non_saturating-n_epochs-50-d_alpha-2,48,725,537,463,342,694,513,444,321,605,439,355,268,520,355,278,199,429,278,218,150,341,214,153,95,275,151,104,64,203,94,71,37,136,52,38,15,50,15,8,3
-non_saturating-n_epochs-50-d_alpha-1.5,48,822,651,538,401,802,618,512,375,741,516,427,316,638,423,339,233,524,330,254,145,418,243,174,90,333,167,107,58,221,93,62,29,127,48,26,12,52,15,5,1
-non_saturating-n_epochs-50-d_alpha-1.2,48,57,39,30,23,21,15,13,12,11,6,5,4,3,2,2,2,2,2,2,2,2,2,2,2,1,1,1,1,1,0,0,0,0,0,0,0,0,0,0,0
-non_saturating-n_epochs-50-d_alpha-3,49,767,567,468,337,724,527,422,305,608,430,332,239,496,321,254,170,396,232,169,114,324,171,119,73,250,109,81,52,175,69,53,27,106,39,25,9,37,9,4,1
-non_saturating-n_epochs-50-d_alpha-1.2,50,874,670,566,418,845,643,543,403,775,561,464,321,677,455,366,238,585,344,258,170,471,250,185,102,350,169,114,65,255,101,70,38,156,52,36,20,64,21,9,2
-non_saturating-n_epochs-50-d_alpha-2,50,846,667,566,420,798,605,511,360,699,481,389,255,579,356,273,166,454,252,181,114,352,165,118,67,256,113,67,35,163,68,34,17,97,27,15,6,25,8,1,0
-non_saturating-n_epochs-50-d_alpha-1.5,50,839,614,524,351,806,582,485,332,693,491,391,259,590,383,277,185,506,278,207,126,387,196,136,80,310,136,87,46,208,78,49,23,121,36,23,9,49,9,5,4
-non_saturating-n_epochs-50-d_alpha-1.2,51,678,484,397,295,625,446,365,272,525,343,277,189,410,252,191,136,316,179,137,85,235,129,89,54,171,75,54,27,107,47,29,12,53,18,13,6,17,2,0,0
-non_saturating-n_epochs-50-d_alpha-3,50,769,574,505,387,744,553,477,368,671,479,403,299,573,408,335,219,473,312,235,148,406,233,160,94,313,159,112,62,236,99,61,31,148,57,32,19,56,18,11,2
-non_saturating-n_epochs-50-d_alpha-1.5,52,656,478,411,311,616,452,386,300,525,379,318,227,443,302,244,172,364,228,175,109,294,168,120,74,221,113,81,38,153,65,42,19,86,29,21,7,32,6,3,1
-non_saturating-n_epochs-50-d_alpha-1.2,52,551,379,298,213,350,215,166,120,191,101,75,47,109,49,35,24,59,24,17,9,32,11,8,4,19,5,3,2,6,1,0,0,2,0,0,0,0,0,0,0
-non_saturating-n_epochs-50-d_alpha-3,52,893,725,622,452,872,686,580,418,773,570,463,330,674,446,347,235,568,325,255,142,446,235,174,89,345,168,97,47,238,91,57,25,128,50,24,11,59,13,6,4
-non_saturating-n_epochs-50-d_alpha-1.5,51,615,436,371,271,578,412,345,243,485,329,261,194,389,242,193,126,315,176,131,87,237,127,84,51,172,75,56,30,111,43,27,18,66,24,16,11,22,9,6,3
-non_saturating-n_epochs-50-d_alpha-2,51,767,571,477,357,744,550,458,350,652,461,392,299,557,393,323,243,461,318,258,167,393,253,192,122,321,189,141,84,246,133,94,40,168,78,36,21,74,20,12,4
-non_saturating-n_epochs-50-d_alpha-1.5,53,786,570,453,341,746,531,418,319,637,421,349,254,530,332,271,199,445,264,211,146,358,205,151,100,287,156,110,63,212,103,67,38,134,53,40,17,66,16,10,6
-non_saturating-n_epochs-50-d_alpha-3,51,653,446,385,278,606,420,355,251,504,338,269,190,399,255,197,130,316,176,131,84,239,132,90,50,180,82,51,32,120,48,28,17,67,20,14,9,19,5,3,0
-non_saturating-n_epochs-50-d_alpha-2,52,738,552,470,334,713,530,447,322,633,444,359,255,543,358,283,191,446,271,200,139,361,196,150,102,277,152,112,73,220,109,75,46,137,63,47,23,68,25,11,6
-non_saturating-n_epochs-50-d_alpha-1.2,53,116,75,64,52,81,62,53,46,53,37,34,32,37,27,22,17,23,15,13,10,11,9,7,6,8,5,2,2,3,0,0,0,0,0,0,0,0,0,0,0
-non_saturating-n_epochs-50-d_alpha-1.5,54,736,492,402,281,702,464,379,270,585,387,298,210,486,292,236,152,392,238,165,113,311,168,121,83,232,113,83,55,165,76,56,33,104,51,35,21,47,18,15,5
-non_saturating-n_epochs-50-d_alpha-3,54,300,181,137,96,185,112,91,73,94,57,48,37,54,36,28,21,27,21,15,10,18,10,6,5,9,6,4,3,5,3,1,0,2,0,0,0,0,0,0,0
-non_saturating-n_epochs-50-d_alpha-1.2,55,536,353,286,214,517,335,275,205,439,282,230,161,350,223,171,127,274,165,135,103,227,124,100,74,162,92,74,43,124,58,42,27,75,29,22,11,24,7,4,0
-non_saturating-n_epochs-50-d_alpha-2,54,879,711,587,428,865,679,558,405,800,581,462,331,687,458,354,227,581,350,248,140,471,222,164,97,346,150,105,63,238,107,69,36,148,47,28,10,59,10,5,1
-non_saturating-n_epochs-50-d_alpha-2,53,774,573,477,352,737,535,453,339,655,452,366,275,557,366,288,196,459,280,226,133,368,213,155,94,293,150,104,59,199,103,63,39,131,53,32,15,63,11,6,4
-non_saturating-n_epochs-50-d_alpha-3,53,492,289,232,157,362,210,165,116,224,132,103,73,144,87,58,47,100,50,39,24,69,32,22,15,38,16,14,8,20,10,7,5,7,4,4,2,2,0,0,0
-non_saturating-n_epochs-50-d_alpha-1.2,54,758,565,483,362,735,549,462,342,645,477,397,274,569,387,301,210,477,303,224,155,393,226,169,109,312,165,122,60,231,105,62,34,145,55,32,17,55,15,5,1
-non_saturating-n_epochs-50-d_alpha-1.5,55,129,89,81,63,58,38,30,23,11,6,6,4,3,3,1,0,0,0,0,0,0,0,0,0,0,0,0,0,0,0,0,0,0,0,0,0,0,0,0,0
-non_saturating-n_epochs-50-d_alpha-2,55,762,550,450,327,722,509,418,301,601,410,324,233,493,314,240,175,403,240,171,116,325,165,122,86,255,124,87,49,181,76,48,30,107,36,24,7,46,9,4,0
-non_saturating-n_epochs-50-d_alpha-1.2,56,721,514,418,308,690,495,400,299,598,417,333,245,520,331,268,183,423,261,202,135,354,201,146,92,278,137,101,62,206,94,64,39,137,54,34,24,58,22,18,8
-non_saturating-n_epochs-50-d_alpha-3,55,844,647,514,381,817,607,496,355,733,511,415,289,639,414,328,217,543,329,247,153,437,239,184,116,338,174,124,76,244,113,80,36,159,57,36,17,66,18,7,1
-non_saturating-n_epochs-50-d_alpha-1.5,56,872,686,572,402,864,666,545,383,810,576,464,320,720,468,362,240,612,374,281,192,505,277,212,142,400,207,158,96,299,151,107,62,202,99,59,24,111,29,12,7
-non_saturating-n_epochs-50-d_alpha-1.2,57,106,81,71,55,70,48,41,38,34,21,18,14,13,8,7,7,6,6,6,4,4,3,1,1,1,1,1,1,1,1,1,0,1,0,0,0,0,0,0,0
-non_saturating-n_epochs-50-d_alpha-2,58,784,603,510,377,755,571,473,348,670,477,394,270,559,374,285,191,464,290,212,145,381,206,146,81,297,141,91,49,214,83,54,26,138,43,22,8,42,10,6,2
-non_saturating-n_epochs-50-d_alpha-1.5,58,762,561,451,328,738,530,429,304,636,436,356,241,524,347,271,183,423,263,199,144,341,194,147,99,258,148,109,63,199,98,68,37,122,56,34,16,54,15,10,3
-non_saturating-n_epochs-50-d_alpha-2,56,836,654,548,374,821,628,514,348,738,528,402,278,632,397,301,207,514,303,222,146,415,217,158,91,326,152,108,59,232,92,61,43,149,57,37,14,67,16,9,2
-non_saturating-n_epochs-50-d_alpha-3,58,316,193,148,115,200,121,103,82,120,77,68,51,77,49,39,30,54,32,28,19,35,20,14,11,20,9,7,4,8,5,3,3,4,2,2,1,2,0,0,0
-non_saturating-n_epochs-50-d_alpha-1.2,58,664,507,429,322,641,473,404,303,551,393,338,246,467,327,263,188,389,253,189,133,311,180,133,83,242,131,87,63,185,89,65,41,128,55,35,18,51,19,13,7
-non_saturating-n_epochs-50-d_alpha-3,56,888,695,582,411,827,603,496,347,687,442,345,217,555,310,231,143,420,201,151,83,276,122,86,48,193,82,55,18,114,39,20,12,61,14,11,6,17,6,2,0
-non_saturating-n_epochs-50-d_alpha-1.5,57,697,483,381,276,644,440,359,262,530,347,279,196,432,249,196,142,335,183,148,101,237,130,107,72,169,98,76,49,121,68,46,23,84,31,20,9,30,7,4,2
-non_saturating-n_epochs-50-d_alpha-2,57,682,487,402,311,639,461,387,293,556,380,325,225,461,305,245,158,377,231,172,106,306,159,112,74,224,111,73,42,154,64,41,25,93,35,22,12,31,8,5,4
-non_saturating-n_epochs-50-d_alpha-3,59,187,102,77,65,148,87,73,64,100,66,59,52,73,55,52,39,62,44,36,30,45,31,28,19,36,25,18,12,28,16,14,8,17,8,5,4,5,2,2,2
-non_saturating-n_epochs-50-d_alpha-3,57,766,549,450,325,719,503,412,299,606,401,307,224,483,293,222,146,369,207,156,97,278,137,95,53,186,92,57,39,128,50,40,18,69,25,15,4,20,2,2,0
-non_saturating-n_epochs-50-d_alpha-1.2,60,731,553,468,356,707,530,442,338,632,443,363,271,528,357,290,208,427,275,216,146,343,202,157,107,276,145,106,60,199,96,63,33,121,45,28,10,50,11,5,2
-non_saturating-n_epochs-50-d_alpha-1.2,59,912,743,614,435,897,715,590,415,837,629,504,337,766,515,379,246,655,391,285,183,552,286,211,129,434,210,150,84,326,151,99,50,209,87,55,22,101,33,11,5
-non_saturating-n_epochs-50-d_alpha-1.5,59,760,554,466,352,730,525,449,331,648,460,379,258,557,375,292,207,473,282,215,151,383,214,159,106,295,153,116,69,218,100,71,39,135,55,33,16,59,17,11,2
-non_saturating-n_epochs-50-d_alpha-1.5,60,761,555,458,327,721,523,434,305,636,432,333,238,526,332,248,174,414,244,188,125,325,184,138,91,253,128,92,60,198,88,60,32,120,55,29,13,51,17,5,2
-non_saturating-n_epochs-50-d_alpha-2,60,806,617,509,370,766,579,473,336,678,468,368,253,558,356,269,157,441,246,176,104,335,171,106,64,237,109,69,35,159,58,35,19,87,24,15,9,19,9,4,2
-non_saturating-n_epochs-50-d_alpha-2,59,649,487,405,325,631,469,391,303,560,402,334,259,481,330,275,200,404,274,212,147,339,201,160,105,273,148,112,73,193,102,73,47,128,61,45,30,62,27,15,9
-non_saturating-n_epochs-50-d_alpha-3,60,794,602,489,355,752,566,456,333,670,458,374,256,561,357,268,179,443,260,189,121,332,183,130,77,253,111,84,45,167,74,48,27,103,34,18,6,36,10,3,0
-non_saturating-n_epochs-50-d_alpha-2,61,805,606,503,387,749,553,458,342,649,438,361,245,517,334,253,158,416,224,152,95,303,148,100,55,218,93,56,27,135,50,28,8,77,17,4,0,24,1,0,0
-non_saturating-n_epochs-50-d_alpha-1.5,61,769,588,502,377,743,562,483,356,647,475,385,279,556,374,288,194,458,276,208,142,371,193,140,87,280,129,97,50,193,88,51,30,125,38,24,12,56,15,7,1
-non_saturating-n_epochs-50-d_alpha-1.2,61,613,408,324,224,576,385,303,206,473,296,225,162,379,218,168,122,291,154,117,80,216,104,82,63,147,74,60,36,99,52,35,15,53,21,10,2,17,2,1,0
-non_saturating-n_epochs-50-d_alpha-1.2,62,20,15,14,13,9,8,8,7,2,2,1,0,0,0,0,0,0,0,0,0,0,0,0,0,0,0,0,0,0,0,0,0,0,0,0,0,0,0,0,0
-non_saturating-n_epochs-50-d_alpha-1.5,62,730,555,459,341,687,513,423,315,579,411,329,226,470,306,228,158,373,212,162,107,270,151,109,63,197,102,67,36,126,53,33,13,71,20,11,2,20,2,1,0
-non_saturating-n_epochs-50-d_alpha-1.5,63,666,488,415,321,631,463,389,301,519,388,324,244,434,304,254,174,360,236,182,125,293,168,129,69,225,110,79,41,167,69,48,27,100,36,24,16,43,15,12,7
-non_saturating-n_epochs-50-d_alpha-3,61,418,278,235,163,332,229,179,135,235,145,112,82,157,91,65,44,99,54,40,26,75,32,22,16,48,16,13,9,19,9,5,3,8,4,2,2,0,0,0,0
-non_saturating-n_epochs-50-d_alpha-1.2,63,759,528,419,288,719,502,389,267,622,399,305,196,517,295,213,146,405,207,152,97,303,142,113,79,219,106,82,53,147,72,50,30,86,30,24,14,36,10,6,0
-non_saturating-n_epochs-50-d_alpha-3,63,735,523,417,283,689,471,372,248,566,358,275,180,424,248,197,136,333,178,140,85,255,130,88,50,183,78,51,28,123,35,26,12,60,18,10,8,17,4,3,1
-non_saturating-n_epochs-50-d_alpha-2,62,645,462,382,276,603,427,357,260,512,353,283,203,425,272,210,144,336,202,154,97,263,138,104,64,191,100,67,40,128,53,38,25,74,30,22,11,33,11,5,1
-non_saturating-n_epochs-50-d_alpha-3,62,824,635,532,380,768,581,473,339,651,452,358,245,537,330,239,163,418,238,170,98,315,158,104,54,242,96,52,21,154,36,17,5,72,5,3,0,16,0,0,0
-non_saturating-n_epochs-50-d_alpha-2,64,770,551,453,330,735,510,433,310,627,428,350,240,528,337,254,184,434,249,192,129,329,181,133,82,255,128,85,48,171,82,57,26,99,36,25,10,37,12,6,3
-non_saturating-n_epochs-50-d_alpha-3,64,855,678,561,414,816,632,527,365,724,513,414,265,613,387,282,178,497,274,192,118,396,186,135,72,292,122,79,34,193,60,34,16,95,19,10,2,26,1,1,0
-non_saturating-n_epochs-50-d_alpha-1.5,65,755,593,482,353,725,556,458,338,653,458,379,258,540,359,277,185,442,269,196,133,362,186,141,83,273,130,94,53,195,84,55,29,114,45,27,10,46,10,5,0
-non_saturating-n_epochs-50-d_alpha-1.5,64,519,338,265,190,420,290,217,165,316,193,161,118,231,139,100,76,158,89,71,50,112,64,47,29,77,37,29,14,44,22,13,11,25,11,8,2,6,1,1,1
-non_saturating-n_epochs-50-d_alpha-1.2,64,10,8,7,7,10,8,7,7,8,7,7,6,6,5,5,4,4,4,2,2,3,2,1,1,1,1,1,0,0,0,0,0,0,0,0,0,0,0,0,0
-non_saturating-n_epochs-50-d_alpha-2,63,216,132,111,81,126,89,79,52,78,51,41,28,43,25,22,17,26,16,14,9,15,6,6,4,6,3,3,3,3,2,2,1,1,0,0,0,0,0,0,0
-non_saturating-n_epochs-50-d_alpha-3,65,338,216,170,134,268,163,142,106,181,113,86,62,117,66,54,39,75,41,35,23,53,30,20,16,34,19,15,12,23,12,12,8,9,6,6,5,4,3,1,0
-non_saturating-n_epochs-50-d_alpha-1.2,65,696,496,417,314,667,472,398,298,564,412,330,236,481,320,252,174,389,238,183,123,305,175,133,85,237,126,94,53,169,85,54,33,98,40,29,18,39,15,12,4
-non_saturating-n_epochs-50-d_alpha-2,65,12,8,7,7,9,7,7,7,5,4,4,4,4,4,3,3,1,1,1,1,1,1,1,1,1,1,1,1,0,0,0,0,0,0,0,0,0,0,0,0
-non_saturating-n_epochs-50-d_alpha-1.2,66,635,437,332,228,592,397,306,218,485,283,231,170,348,213,171,124,265,155,125,80,200,114,81,52,150,69,52,27,99,44,25,18,48,19,13,7,13,6,2,0
-non_saturating-n_epochs-50-d_alpha-1.5,66,722,518,415,308,685,489,395,296,571,400,322,243,480,312,261,167,392,250,189,124,317,183,135,80,263,133,90,56,184,86,61,37,111,49,28,15,53,15,6,3
-non_saturating-n_epochs-50-d_alpha-2,66,760,565,466,347,737,534,446,338,664,451,378,287,578,388,308,216,488,306,233,153,380,232,173,102,306,166,118,71,235,102,74,40,158,57,32,18,64,17,9,3
-non_saturating-n_epochs-50-d_alpha-3,66,708,529,458,347,683,512,436,328,589,443,364,270,510,349,286,201,434,281,216,144,345,215,157,91,278,145,98,52,200,85,58,28,132,41,21,14,44,15,8,0
-non_saturating-n_epochs-50-d_alpha-2,67,639,436,363,265,585,396,326,245,466,309,248,180,367,225,184,128,280,162,129,85,211,116,86,59,156,81,60,37,107,53,37,16,65,22,13,3,19,4,2,0
-non_saturating-n_epochs-50-d_alpha-1.5,68,11,8,7,6,8,6,5,5,3,3,3,3,3,3,3,2,1,1,0,0,0,0,0,0,0,0,0,0,0,0,0,0,0,0,0,0,0,0,0,0
-non_saturating-n_epochs-50-d_alpha-2,68,848,658,562,424,794,586,486,357,651,449,361,234,536,320,237,149,399,210,149,83,310,125,87,41,209,70,43,17,119,33,19,7,56,8,5,2,17,1,1,0
-non_saturating-n_epochs-50-d_alpha-3,68,749,549,454,336,711,513,416,317,611,412,331,236,504,323,258,166,412,246,187,123,318,175,135,89,236,130,93,57,173,84,60,32,115,47,31,13,49,12,4,2
-non_saturating-n_epochs-50-d_alpha-1.5,67,655,472,395,297,625,454,382,276,537,393,312,211,462,297,231,150,379,229,163,112,300,155,116,77,226,107,81,53,161,77,51,36,102,40,25,14,40,10,6,2
-non_saturating-n_epochs-50-d_alpha-1.2,67,830,644,554,387,801,619,516,365,733,519,418,290,633,408,319,223,514,315,245,156,418,233,174,102,329,171,116,61,245,105,67,33,160,53,32,10,60,12,5,1
-non_saturating-n_epochs-50-d_alpha-3,67,113,62,48,30,56,32,26,22,24,16,13,10,10,10,9,8,10,7,5,5,5,5,3,1,4,1,0,0,0,0,0,0,0,0,0,0,0,0,0,0
-non_saturating-n_epochs-50-d_alpha-1.2,68,775,610,511,377,754,590,494,356,700,509,417,289,613,409,319,217,511,319,247,155,421,229,176,114,309,171,131,82,228,123,87,49,165,70,44,22,69,21,10,3
-non_saturating-n_epochs-50-d_alpha-1.5,70,698,517,431,307,667,484,406,292,571,398,325,229,481,317,244,167,402,235,176,114,323,164,121,80,221,104,82,58,153,76,61,33,96,47,31,16,43,13,3,0
-non_saturating-n_epochs-50-d_alpha-3,69,823,612,505,370,791,573,474,344,696,483,377,278,584,362,290,212,478,275,224,148,382,212,163,98,282,153,105,50,207,93,50,20,129,37,17,6,42,8,2,0
-non_saturating-n_epochs-50-d_alpha-2,70,27,19,16,14,25,17,15,14,18,14,13,11,13,11,9,7,9,6,6,4,5,2,2,2,2,2,2,2,2,2,2,2,2,0,0,0,0,0,0,0
-non_saturating-n_epochs-50-d_alpha-3,70,730,536,418,295,656,458,356,241,511,306,237,148,380,209,140,79,282,119,80,53,176,73,53,30,112,47,29,16,64,23,15,10,34,11,7,6,12,3,2,0
-non_saturating-n_epochs-50-d_alpha-1.5,71,744,534,426,292,713,505,393,282,626,411,326,226,514,318,243,172,405,237,188,128,328,175,140,88,255,136,93,61,176,91,61,36,116,52,30,17,44,14,8,0
-non_saturating-n_epochs-50-d_alpha-1.2,71,786,611,499,372,737,558,465,345,621,453,368,262,532,344,268,174,409,243,187,124,319,171,124,71,230,108,78,39,148,69,42,18,87,31,14,7,30,7,1,1
-non_saturating-n_epochs-50-d_alpha-2,69,634,435,359,283,602,404,346,269,520,351,288,227,425,286,242,164,354,230,177,115,287,166,118,79,227,111,86,54,158,73,55,38,101,50,33,13,46,15,9,6
-non_saturating-n_epochs-50-d_alpha-1.2,69,766,603,503,385,743,574,484,371,676,498,414,301,579,410,317,230,494,312,248,146,404,232,163,106,312,166,115,68,241,102,73,36,155,57,38,12,68,16,10,2
-non_saturating-n_epochs-50-d_alpha-1.5,69,644,463,386,282,623,447,369,264,542,377,296,227,456,279,229,174,353,216,182,127,278,175,138,82,211,124,87,53,155,76,53,36,95,37,28,15,34,11,4,2
-non_saturating-n_epochs-50-d_alpha-1.2,70,694,484,385,289,665,465,369,272,552,375,299,207,444,285,221,148,364,214,158,113,275,153,122,74,208,104,81,45,143,73,53,35,89,44,33,16,40,15,8,4
-non_saturating-n_epochs-50-d_alpha-2,71,102,70,65,50,70,56,43,34,36,24,22,17,22,13,12,10,12,8,6,6,6,4,1,1,1,0,0,0,0,0,0,0,0,0,0,0,0,0,0,0
-non_saturating-n_epochs-50-d_alpha-1.2,72,707,509,414,328,665,472,392,312,551,391,329,237,464,313,253,167,375,228,170,111,293,158,119,81,214,108,83,51,148,69,50,29,84,35,25,11,32,9,2,1
-non_saturating-n_epochs-50-d_alpha-3,71,793,582,476,346,763,550,445,321,675,451,364,256,572,364,287,191,466,278,214,128,374,207,141,86,305,144,94,61,211,95,64,39,136,53,34,14,54,16,9,6
-non_saturating-n_epochs-50-d_alpha-1.5,72,811,646,555,410,777,614,522,377,693,524,421,296,592,397,317,205,481,295,213,132,384,210,137,79,291,135,89,33,189,77,38,16,112,25,17,8,36,7,4,1
-non_saturating-n_epochs-50-d_alpha-3,73,528,372,312,237,459,329,278,205,352,246,202,146,274,174,141,98,213,121,90,62,155,85,63,35,108,53,34,18,64,26,16,10,36,11,6,5,10,6,4,1
-non_saturating-n_epochs-50-d_alpha-2,73,163,124,100,70,116,80,61,50,61,43,38,30,42,25,20,19,23,13,10,8,10,6,4,2,5,3,2,1,2,1,0,0,0,0,0,0,0,0,0,0
-non_saturating-n_epochs-50-d_alpha-2,72,731,532,438,314,694,508,410,292,596,405,327,220,486,314,231,153,391,221,160,108,305,154,119,80,233,103,86,50,151,76,48,25,86,34,22,9,29,10,5,1
-non_saturating-n_epochs-50-d_alpha-3,72,818,623,514,375,790,591,495,355,725,518,417,300,628,420,328,237,524,323,252,180,437,255,192,132,354,189,149,86,264,136,88,43,182,79,45,12,75,15,4,2
-non_saturating-n_epochs-50-d_alpha-1.5,74,841,645,549,430,816,615,528,409,722,538,448,333,630,430,348,239,530,328,258,161,418,249,173,92,324,157,97,50,232,96,53,18,145,34,16,0,42,8,0,0
-non_saturating-n_epochs-50-d_alpha-1.5,73,825,633,525,383,787,599,496,368,702,503,402,285,593,401,310,217,495,302,226,150,402,219,167,101,312,154,110,59,214,100,59,26,128,48,24,12,49,12,7,3
-non_saturating-n_epochs-50-d_alpha-1.2,73,835,645,539,398,814,615,513,371,719,515,420,295,605,394,313,193,494,294,212,130,388,212,147,79,304,132,85,46,207,71,53,28,117,43,22,10,55,11,5,1
-non_saturating-n_epochs-50-d_alpha-1.2,74,709,506,430,333,665,474,409,308,574,398,329,238,481,316,251,190,387,245,191,133,318,182,145,97,232,134,100,54,174,83,54,31,106,38,20,13,40,14,8,3
-non_saturating-n_epochs-50-d_alpha-2,74,734,525,428,317,706,491,397,290,619,399,322,216,502,310,230,157,406,227,172,113,315,167,117,73,233,117,81,46,162,76,52,26,106,36,22,11,28,11,5,1
-non_saturating-n_epochs-50-d_alpha-3,74,850,670,572,432,820,626,532,405,743,530,438,337,656,441,342,243,532,336,259,166,440,243,184,93,336,169,104,42,236,86,43,12,121,31,13,2,43,2,1,0
-non_saturating-n_epochs-50-d_alpha-1.2,76,838,666,555,400,815,634,523,383,732,522,430,302,629,420,320,215,520,301,222,136,398,204,144,79,295,135,87,44,206,74,43,20,111,29,15,6,37,7,4,1
-non_saturating-n_epochs-50-d_alpha-1.5,76,745,547,444,328,710,508,414,307,603,406,332,223,487,303,228,154,363,211,163,106,281,149,108,70,205,109,75,46,143,67,41,26,82,38,25,16,36,15,7,3
-non_saturating-n_epochs-50-d_alpha-2,76,857,646,535,394,820,609,494,364,706,490,395,269,601,365,282,182,470,264,196,132,363,197,135,83,275,124,87,51,187,79,53,21,113,31,14,7,39,9,3,1
-non_saturating-n_epochs-50-d_alpha-1.2,75,795,617,510,373,766,588,476,355,675,485,395,293,586,384,307,214,482,303,239,143,384,231,164,97,305,147,105,54,219,102,53,36,130,55,33,15,57,15,8,2
-non_saturating-n_epochs-50-d_alpha-1.5,75,690,508,420,328,661,482,402,318,581,413,346,267,497,327,284,197,408,273,211,149,344,205,160,105,267,155,108,66,198,95,63,34,125,53,30,14,54,13,6,2
-non_saturating-n_epochs-50-d_alpha-3,76,531,368,300,222,439,286,237,175,310,198,160,115,230,133,100,72,155,82,72,40,105,56,39,32,73,39,29,13,47,19,11,7,20,3,2,2,4,1,0,0
-non_saturating-n_epochs-50-d_alpha-2,75,828,628,511,362,798,593,486,344,711,480,383,267,600,367,290,189,488,266,201,131,367,187,139,83,284,126,88,50,191,84,52,30,112,40,24,11,41,9,4,2
-non_saturating-n_epochs-50-d_alpha-1.2,77,804,598,477,328,768,538,434,294,646,412,318,224,494,299,230,140,365,202,144,92,263,125,91,68,181,85,61,42,115,53,40,24,68,25,14,5,17,3,1,1
-non_saturating-n_epochs-50-d_alpha-1.5,77,801,593,477,330,773,562,450,317,702,476,370,266,577,373,289,196,469,283,216,142,380,203,159,101,293,149,112,70,220,107,75,41,134,57,37,17,53,18,10,3
-non_saturating-n_epochs-50-d_alpha-3,75,850,643,524,389,827,615,498,368,750,514,418,288,638,398,315,226,502,311,233,161,408,236,185,99,310,172,115,56,240,100,60,31,135,45,28,11,49,9,7,3
-non_saturating-n_epochs-50-d_alpha-1.2,78,603,445,363,265,578,407,337,251,483,326,260,196,374,240,192,137,290,169,128,88,209,116,88,50,148,72,54,32,93,45,31,21,57,25,16,11,20,6,4,4
-non_saturating-n_epochs-50-d_alpha-1.2,79,756,560,464,336,721,522,430,318,617,433,346,261,503,330,278,188,412,251,197,128,320,178,139,87,240,127,91,54,163,79,54,28,94,38,22,10,41,9,6,3
-non_saturating-n_epochs-50-d_alpha-3,78,401,238,187,132,295,174,135,100,173,105,83,62,109,70,50,35,73,35,26,22,46,24,16,9,25,11,6,4,13,5,3,1,4,0,0,0,0,0,0,0
-non_saturating-n_epochs-50-d_alpha-1.5,79,629,433,354,260,601,411,331,246,518,339,272,208,423,261,220,168,332,213,175,132,261,168,140,90,219,129,95,59,163,94,66,37,110,50,30,16,45,13,11,3
-non_saturating-n_epochs-50-d_alpha-3,77,435,292,243,179,355,238,187,151,243,157,135,104,173,108,92,72,120,79,67,41,89,47,40,30,60,33,27,13,36,17,13,4,21,4,4,0,3,0,0,0
-non_saturating-n_epochs-50-d_alpha-2,77,808,623,529,392,778,592,505,363,695,498,407,281,604,391,309,214,485,300,228,129,390,206,144,76,296,131,82,42,204,72,43,23,116,30,18,7,30,7,1,0
-non_saturating-n_epochs-50-d_alpha-2,78,764,585,496,365,724,537,454,326,620,432,355,243,518,329,248,158,430,236,175,105,329,160,120,67,230,106,66,34,144,61,36,13,88,26,9,3,26,5,0,0
-non_saturating-n_epochs-50-d_alpha-1.5,78,703,512,425,314,685,495,412,303,615,431,349,242,524,355,264,177,437,264,197,140,357,207,150,104,285,147,111,80,205,107,84,49,144,63,41,17,65,19,5,3
-non_saturating-n_epochs-50-d_alpha-3,79,345,209,168,125,268,163,140,98,178,110,90,62,122,68,56,41,81,44,38,24,49,31,23,14,38,16,13,8,20,10,6,5,11,4,2,0,1,0,0,0
-non_saturating-n_epochs-50-d_alpha-2,79,835,640,540,389,812,612,510,369,721,510,410,298,616,403,321,216,506,303,244,154,404,231,166,101,326,161,120,72,238,116,76,38,157,65,37,8,65,12,3,1
-non_saturating-n_epochs-50-d_alpha-1.2,80,257,199,170,143,188,138,128,101,123,90,74,59,82,55,42,28,49,26,18,14,29,17,11,7,17,8,3,3,9,3,3,1,2,1,1,0,0,0,0,0
-non_saturating-n_epochs-50-d_alpha-3,80,298,191,166,132,224,148,131,108,155,102,82,60,105,63,47,37,67,41,33,22,47,26,22,13,27,13,11,9,14,8,6,4,8,3,3,1,1,0,0,0
-non_saturating-n_epochs-50-d_alpha-1.5,81,823,645,535,401,811,630,519,393,757,546,450,338,684,473,384,275,596,384,310,214,498,303,239,164,410,234,179,115,315,173,132,72,220,116,79,38,128,49,25,12
-non_saturating-n_epochs-50-d_alpha-2,81,840,667,565,422,815,641,534,398,737,542,433,310,625,432,331,218,529,313,243,138,407,222,154,84,300,139,92,51,216,85,54,28,118,37,29,14,41,11,3,1
-non_saturating-n_epochs-50-d_alpha-2,80,714,545,455,342,677,517,427,324,593,437,357,260,503,347,279,199,423,261,203,137,349,190,150,89,253,134,94,54,199,79,56,28,130,41,30,12,46,13,7,3
-non_saturating-n_epochs-50-d_alpha-1.5,80,770,547,457,319,720,507,416,297,611,401,317,224,481,286,228,151,366,206,157,107,262,143,116,63,193,104,67,39,119,54,32,12,64,21,9,2,19,1,0,0
-non_saturating-n_epochs-50-d_alpha-1.5,82,818,637,527,383,785,603,495,365,710,505,404,305,605,389,316,231,500,314,253,169,415,243,180,115,326,171,121,80,226,119,84,42,152,68,39,13,72,12,3,0
-non_saturating-n_epochs-50-d_alpha-1.2,82,912,787,667,508,900,762,639,484,843,654,537,380,770,529,424,275,651,422,304,190,537,306,214,122,428,212,145,70,303,119,74,33,175,56,33,7,73,18,6,2
-non_saturating-n_epochs-50-d_alpha-3,81,498,347,268,194,374,246,195,143,248,153,120,92,154,99,82,55,117,66,49,35,77,42,37,22,49,29,20,16,36,17,13,10,16,10,5,1,4,1,1,0
-non_saturating-n_epochs-50-d_alpha-2,82,766,585,495,371,730,553,467,343,643,465,372,263,539,346,274,176,448,259,189,125,356,182,131,86,263,127,89,51,188,75,54,25,105,34,26,2,38,1,0,0
-non_saturating-n_epochs-50-d_alpha-1.2,81,663,487,397,296,633,456,374,272,538,374,301,213,439,291,239,153,361,218,166,117,284,162,116,82,218,115,89,58,161,79,55,28,102,42,22,9,36,10,5,5
-non_saturating-n_epochs-50-d_alpha-3,82,310,197,151,110,229,139,117,90,154,101,82,68,111,73,61,45,82,50,46,32,57,39,29,20,40,22,17,13,25,12,10,6,11,5,5,4,3,1,1,0
-non_saturating-n_epochs-50-d_alpha-1.2,84,647,470,403,322,581,420,368,292,479,339,286,216,384,255,206,144,294,182,143,93,221,129,82,42,168,74,39,19,97,30,17,4,37,12,3,0,7,1,0,0
-non_saturating-n_epochs-50-d_alpha-1.5,84,793,604,506,361,772,577,480,342,684,478,389,265,585,372,288,188,474,272,200,115,368,193,134,67,261,115,76,45,176,62,45,22,95,28,19,12,29,14,7,1
-non_saturating-n_epochs-50-d_alpha-1.2,83,837,639,553,408,820,628,537,394,761,546,467,340,661,466,381,256,564,379,290,185,469,294,201,128,377,205,141,72,286,135,92,44,185,73,41,16,86,23,11,0
-non_saturating-n_epochs-50-d_alpha-2,84,730,535,456,348,674,481,406,312,549,383,313,220,438,276,215,139,325,190,144,96,254,126,95,56,188,79,51,27,123,40,29,7,59,18,5,0,17,1,0,0
-non_saturating-n_epochs-50-d_alpha-1.5,83,701,495,419,306,673,467,392,281,572,380,308,228,465,296,241,163,375,230,171,113,293,158,114,70,206,102,69,42,134,53,39,19,78,23,15,6,19,6,5,1
-non_saturating-n_epochs-50-d_alpha-2,83,732,561,458,352,702,531,435,338,612,431,360,269,506,356,283,194,415,272,208,127,340,193,138,81,257,128,88,44,174,71,45,22,87,28,12,3,26,3,1,0
-non_saturating-n_epochs-50-d_alpha-1.5,85,754,550,471,345,731,529,442,335,644,434,355,257,536,349,285,173,435,261,192,127,355,196,138,84,272,131,82,48,186,75,48,23,102,37,19,9,41,8,5,2
-non_saturating-n_epochs-50-d_alpha-3,84,759,550,440,302,698,501,404,271,581,387,301,195,454,279,206,128,361,200,130,83,269,125,83,52,182,74,53,29,121,46,29,20,71,20,15,9,22,9,3,2
-non_saturating-n_epochs-50-d_alpha-1.2,85,607,378,308,210,543,345,267,189,428,251,194,147,294,173,138,106,225,134,105,74,158,92,71,49,106,63,50,29,78,40,29,18,54,21,12,7,18,7,5,4
-non_saturating-n_epochs-50-d_alpha-3,83,436,300,251,185,267,170,134,96,138,89,69,54,86,61,52,40,63,46,37,28,47,33,26,17,35,22,13,8,22,12,8,5,12,6,5,4,3,2,1,1
-non_saturating-n_epochs-50-d_alpha-1.2,86,814,608,512,365,787,585,490,356,711,500,409,297,614,400,325,233,508,318,256,165,441,255,193,119,335,192,132,84,264,127,89,46,173,72,43,20,76,21,10,4
-non_saturating-n_epochs-50-d_alpha-1.5,86,721,531,450,352,694,505,432,333,603,423,362,279,508,348,297,220,424,282,226,165,330,226,178,112,286,167,114,54,206,96,53,16,129,39,16,3,41,4,2,1
-non_saturating-n_epochs-50-d_alpha-3,86,744,539,451,330,715,516,423,314,619,430,357,254,543,356,277,186,452,270,207,142,367,209,151,96,281,140,101,57,211,95,62,36,134,48,32,14,55,15,6,1
-non_saturating-n_epochs-50-d_alpha-1.5,87,779,582,486,364,763,555,459,352,684,468,399,313,580,400,324,240,485,319,255,190,403,258,208,136,326,196,147,100,256,140,106,54,186,84,55,24,92,29,13,4
-non_saturating-n_epochs-50-d_alpha-2,86,698,491,406,291,650,460,368,266,537,353,296,199,432,268,215,141,341,198,155,94,261,142,102,75,187,95,75,45,134,60,44,29,84,34,24,15,30,11,4,2
-non_saturating-n_epochs-50-d_alpha-2,85,817,634,520,368,796,605,490,346,706,508,395,286,604,391,311,216,514,302,233,148,406,224,172,101,307,160,114,66,223,109,69,36,156,54,36,10,60,14,2,0
-non_saturating-n_epochs-50-d_alpha-3,85,387,271,228,158,319,220,189,131,231,144,117,90,174,98,79,54,114,56,48,37,78,46,37,20,53,29,16,11,33,10,8,7,14,5,3,1,2,0,0,0
-non_saturating-n_epochs-50-d_alpha-1.2,87,456,322,285,233,411,301,263,212,330,242,203,147,267,172,136,88,203,106,81,53,137,64,49,31,87,41,28,23,44,27,20,17,25,16,13,7,11,4,3,0
-non_saturating-n_epochs-50-d_alpha-2,87,796,581,471,329,769,545,446,308,661,440,351,248,551,350,263,185,434,269,195,132,337,187,138,85,256,127,91,54,179,88,59,39,116,52,36,24,54,19,12,4
-non_saturating-n_epochs-50-d_alpha-3,87,485,346,283,214,429,290,248,173,329,207,166,115,236,146,111,82,161,100,80,50,115,70,51,33,83,39,30,23,50,25,22,10,28,13,10,7,12,5,4,3
-non_saturating-n_epochs-50-d_alpha-1.2,89,663,470,375,269,623,443,347,253,529,347,280,190,428,264,197,132,338,184,142,89,250,133,94,60,179,94,64,40,132,56,37,20,69,24,14,9,30,6,4,0
-non_saturating-n_epochs-50-d_alpha-1.5,90,830,643,546,412,806,624,510,395,738,528,433,341,632,439,370,252,541,357,274,177,452,275,195,115,371,193,127,62,281,118,73,35,189,58,32,17,77,20,11,2
-non_saturating-n_epochs-50-d_alpha-2,89,762,547,451,331,726,512,417,316,620,412,340,248,498,326,264,177,390,240,183,113,305,176,124,76,235,119,76,44,156,65,46,20,93,34,15,9,32,10,3,1
-non_saturating-n_epochs-50-d_alpha-1.2,90,19,17,16,14,11,10,10,9,4,3,2,2,0,0,0,0,0,0,0,0,0,0,0,0,0,0,0,0,0,0,0,0,0,0,0,0,0,0,0,0
-non_saturating-n_epochs-50-d_alpha-1.2,88,85,58,49,40,54,42,35,27,32,20,16,13,14,11,11,10,11,7,5,5,6,4,4,3,3,1,1,1,3,1,1,0,0,0,0,0,0,0,0,0
-non_saturating-n_epochs-50-d_alpha-1.5,89,705,522,413,283,662,484,377,253,569,369,281,194,474,265,198,138,351,195,146,101,254,136,100,61,196,98,67,36,127,54,30,16,67,25,15,10,23,8,6,3
-non_saturating-n_epochs-50-d_alpha-3,90,858,672,559,411,833,642,541,383,757,546,455,323,654,457,362,251,564,360,276,172,465,267,197,115,392,200,138,66,302,129,74,33,204,61,30,14,72,20,10,3
-non_saturating-n_epochs-50-d_alpha-1.5,88,811,593,456,312,780,557,429,299,690,447,355,246,573,353,269,184,468,273,198,143,366,201,150,99,283,150,111,61,216,104,70,39,136,60,32,17,61,17,8,3
-non_saturating-n_epochs-50-d_alpha-3,89,458,314,255,189,372,252,206,154,264,166,132,96,184,104,86,61,122,62,51,38,75,45,33,23,49,26,17,13,28,12,7,4,14,3,1,1,1,1,0,0
-non_saturating-n_epochs-50-d_alpha-2,90,785,566,462,331,756,539,435,315,671,443,362,276,546,360,291,221,467,291,235,148,377,221,157,95,299,157,106,58,221,92,62,36,145,45,33,15,56,17,8,3
-non_saturating-n_epochs-50-d_alpha-3,88,392,264,217,160,306,211,166,119,208,129,101,73,129,81,59,49,84,52,42,26,48,31,23,15,34,17,11,7,20,10,5,5,10,5,3,3,2,2,0,0
-non_saturating-n_epochs-50-d_alpha-2,88,853,656,560,397,826,625,533,374,745,539,438,307,658,423,340,218,539,332,248,166,441,248,186,113,337,185,128,63,246,120,65,26,160,54,27,8,59,9,4,1
-non_saturating-n_epochs-50-d_alpha-2,92,623,422,336,245,581,391,311,236,487,316,255,186,394,249,194,134,296,193,136,96,231,137,101,73,182,96,78,48,132,70,48,32,84,33,23,13,37,10,4,2
-non_saturating-n_epochs-50-d_alpha-1.2,92,758,551,452,312,715,518,432,295,615,409,325,225,503,312,232,153,393,216,153,96,301,139,105,56,209,92,62,37,151,57,39,19,81,30,18,10,33,10,8,5
-non_saturating-n_epochs-50-d_alpha-1.5,92,903,773,683,550,894,752,666,531,848,695,604,458,783,607,520,348,709,521,408,246,630,405,293,152,527,297,193,73,411,189,91,39,265,86,41,15,110,23,12,3
-non_saturating-n_epochs-50-d_alpha-1.2,93,194,141,126,104,96,74,62,53,47,35,32,28,28,22,19,17,17,11,7,5,5,4,2,2,2,1,0,0,0,0,0,0,0,0,0,0,0,0,0,0
-non_saturating-n_epochs-50-d_alpha-3,92,273,188,150,113,217,137,114,90,148,90,78,52,98,55,45,35,58,35,26,20,34,21,14,10,19,11,8,5,9,5,4,1,4,0,0,0,0,0,0,0
-non_saturating-n_epochs-50-d_alpha-2,91,689,482,389,278,659,463,367,263,585,379,305,217,474,301,231,158,385,232,168,109,301,166,115,75,229,123,86,60,167,79,57,43,110,48,38,20,59,22,17,10
-non_saturating-n_epochs-50-d_alpha-1.2,91,683,490,405,296,646,461,381,281,569,379,309,225,459,301,241,170,372,230,178,123,291,173,126,88,227,116,93,61,160,82,62,48,109,56,45,30,66,26,13,7
-non_saturating-n_epochs-50-d_alpha-1.5,91,80,45,36,28,33,17,14,12,7,6,6,4,3,1,1,1,2,1,1,0,0,0,0,0,0,0,0,0,0,0,0,0,0,0,0,0,0,0,0,0
-non_saturating-n_epochs-50-d_alpha-1.5,93,707,534,454,340,680,507,432,323,593,420,346,244,501,336,251,171,411,230,174,110,318,165,119,69,222,111,68,33,141,57,36,22,79,25,14,9,26,5,2,1
-non_saturating-n_epochs-50-d_alpha-3,91,839,602,494,361,801,557,464,328,681,455,368,250,571,358,272,170,450,261,177,114,345,176,131,66,256,115,80,42,177,77,48,24,109,34,22,6,49,7,2,2
-non_saturating-n_epochs-50-d_alpha-1.2,94,775,595,511,375,745,575,484,351,657,488,391,280,582,376,301,195,473,285,211,123,377,201,129,78,276,129,80,57,192,80,58,39,115,49,29,12,45,14,9,4
-non_saturating-n_epochs-50-d_alpha-1.5,94,700,519,427,313,670,486,403,297,590,407,324,247,505,309,255,187,402,254,203,141,327,196,151,94,258,140,100,57,172,88,54,29,111,37,23,14,42,14,7,2
-non_saturating-n_epochs-50-d_alpha-2,93,662,506,410,286,633,462,366,262,547,366,280,202,445,274,212,148,347,194,152,106,270,142,109,68,192,99,73,38,132,58,38,16,72,30,15,9,29,8,3,1
-non_saturating-n_epochs-50-d_alpha-3,93,764,566,469,338,728,527,429,304,615,423,329,230,513,318,250,163,389,241,170,103,312,161,114,67,234,102,69,39,161,61,34,18,80,28,18,7,28,7,3,1
-non_saturating-n_epochs-50-d_alpha-1.5,95,818,603,483,344,783,557,443,312,668,463,353,226,568,350,270,167,449,259,181,111,361,181,122,76,283,131,83,50,190,78,50,33,109,43,28,12,46,11,2,0
-non_saturating-n_epochs-50-d_alpha-1.2,95,745,582,502,365,719,552,477,345,632,468,379,275,539,358,281,185,431,265,197,125,341,185,129,81,264,120,82,51,175,73,54,26,102,40,22,7,42,6,2,0
-non_saturating-n_epochs-50-d_alpha-2,94,795,618,526,397,769,584,494,369,681,495,414,300,584,409,320,228,520,319,245,156,423,235,174,102,324,159,107,50,231,105,50,25,146,42,27,13,52,16,9,2
-non_saturating-n_epochs-50-d_alpha-3,94,533,362,302,211,412,283,225,162,279,178,142,105,192,114,92,61,137,73,56,34,93,37,28,16,56,23,13,7,27,8,6,3,9,2,1,0,1,0,0,0
-non_saturating-n_epochs-50-d_alpha-1.5,96,133,85,71,54,85,55,45,37,37,25,22,18,19,13,9,7,8,6,6,5,6,3,2,1,4,0,0,0,1,0,0,0,0,0,0,0,0,0,0,0
-non_saturating-n_epochs-50-d_alpha-3,95,564,390,309,229,455,304,239,182,310,192,150,109,206,119,90,54,139,72,50,34,87,41,34,24,52,27,20,15,31,17,12,6,24,7,3,1,2,0,0,0
-non_saturating-n_epochs-50-d_alpha-2,96,775,583,466,325,751,538,432,304,651,442,345,236,526,338,256,182,422,254,186,134,323,182,140,93,243,136,98,63,172,93,64,34,104,56,36,15,54,18,8,0
-non_saturating-n_epochs-50-d_alpha-2,95,818,579,468,336,784,536,437,309,664,439,346,241,556,342,261,174,430,243,194,120,331,180,136,84,255,128,90,57,181,85,61,37,109,46,34,16,55,19,10,2
-non_saturating-n_epochs-50-d_alpha-1.2,96,489,343,293,227,454,326,276,212,398,275,236,170,331,216,176,122,272,166,130,102,209,126,104,79,159,96,82,60,122,71,59,39,85,53,38,19,40,14,10,5
-non_saturating-n_epochs-50-d_alpha-2,97,825,614,508,351,794,572,467,333,688,462,373,261,565,373,280,189,460,283,198,127,355,199,141,79,278,139,91,47,194,80,50,29,114,40,25,16,53,11,8,2
-non_saturating-n_epochs-50-d_alpha-1.2,98,747,527,443,324,721,511,420,312,606,422,342,242,510,343,256,184,420,244,198,123,311,182,133,88,237,133,95,57,164,90,55,33,103,47,29,13,40,13,6,4
-non_saturating-n_epochs-50-d_alpha-1.5,98,644,423,347,245,594,388,322,226,500,316,249,177,396,243,183,120,304,177,123,82,230,116,85,59,165,76,54,33,97,49,34,19,61,24,16,11,22,8,5,4
-non_saturating-n_epochs-50-d_alpha-1.2,97,637,469,397,292,605,429,360,267,496,339,277,197,395,252,197,125,304,175,129,82,231,119,88,53,161,78,50,28,111,43,27,10,52,14,8,3,12,1,0,0
-non_saturating-n_epochs-50-d_alpha-3,96,725,547,443,319,671,489,383,278,572,370,302,218,470,269,214,160,360,206,162,114,275,157,111,62,211,109,69,38,148,61,40,18,88,30,19,5,35,4,4,1
-non_saturating-n_epochs-50-d_alpha-1.2,99,520,371,287,212,406,265,211,165,274,174,144,109,178,117,92,68,133,74,58,38,85,47,31,20,42,26,16,10,30,10,6,3,10,3,1,1,2,1,0,0
-non_saturating-n_epochs-50-d_alpha-1.5,97,801,606,489,352,768,573,454,328,665,468,371,259,567,362,282,189,454,271,202,134,353,185,139,96,269,138,98,45,194,85,61,25,120,48,24,7,40,8,1,0
-non_saturating-n_epochs-50-d_alpha-3,97,439,270,220,170,365,223,184,148,261,166,138,100,192,120,96,71,142,87,70,50,102,63,46,31,73,40,27,16,46,20,16,11,27,12,6,3,8,2,2,0
-non_saturating-n_epochs-50-d_alpha-1.5,99,813,592,495,358,785,563,467,335,685,468,383,257,573,375,283,193,473,283,206,138,384,205,152,85,280,145,102,52,209,84,57,33,115,44,32,16,55,19,9,3
-non_saturating-n_epochs-50-d_alpha-2,98,757,547,441,282,718,516,404,247,619,412,293,186,520,274,208,135,396,197,145,100,293,135,104,74,207,100,74,49,144,69,50,36,93,42,28,14,38,8,3,1
-non_saturating-n_epochs-50-d_alpha-3,98,338,226,172,140,228,147,119,95,127,81,63,44,77,44,31,18,46,19,13,10,28,12,7,5,15,6,5,4,7,4,3,3,3,2,2,1,2,1,0,0
-non_saturating-n_epochs-50-d_alpha-1.2,100,689,503,409,303,663,481,392,285,579,406,327,228,482,316,251,179,404,244,187,130,314,179,141,99,241,136,103,71,178,103,76,49,128,67,41,27,67,23,15,6
-non_saturating-n_epochs-50-d_alpha-2,100,625,468,383,292,598,436,364,279,528,376,309,226,446,297,234,170,359,224,183,125,279,180,135,81,219,123,88,54,162,73,52,28,89,36,22,10,28,4,3,1
-non_saturating-n_epochs-50-d_alpha-3,100,362,235,193,144,279,180,142,120,183,117,100,80,125,82,63,53,85,57,46,28,62,32,22,15,38,16,13,9,19,11,8,3,7,2,2,0,0,0,0,0
-non_saturating-n_epochs-50-d_alpha-1.5,100,654,455,390,285,628,435,370,271,535,362,300,223,436,287,235,167,363,220,173,125,279,161,129,86,215,116,89,55,151,69,48,28,89,36,20,7,33,9,6,2
-non_saturating-n_epochs-50-d_alpha-3,99,180,110,86,55,145,94,70,51,100,59,51,43,71,46,40,33,45,33,30,24,41,25,22,15,26,17,11,7,17,7,5,5,8,4,4,2,3,1,1,1
-non_saturating-n_epochs-50-d_alpha-2,99,781,573,477,345,754,555,456,329,667,461,387,269,581,374,299,204,486,281,221,149,392,217,157,105,300,150,113,62,219,110,69,43,143,60,36,17,61,21,11,3
